      23,  1,         9
    8816,  2,         4
    8817,  2,         4
    8818,  2,         4
    8819,  2,         4
    8820,  2,         4
    8821,  2,         4
    8822,  2,         3
    8823,  2,         4
    8824,  2,         3
    8825,  2,         4
    8826,  2,         3
    8827,  2,         4
    8828,  2,         3
    8829,  2,         4
    8830,  2,         3
    8831,  2,         4
    8832,  2,         3
    8833,  2,         4
    8834,  2,         3
    8835,  2,         3
    8836,  2,         4
    8837,  2,         3
    8838,  2,         3
    8839,  2,         4
    8840,  2,         3
    8841,  2,         3
    8842,  2,         4
    8843,  2,         4
    8844,  2,         3
    8845,  2,         3
    8846,  2,         4
    8847,  2,         4
    8848,  2,         3
    8849,  2,         3
    8850,  2,         4
    8851,  2,         4
    8852,  2,         3
    8853,  2,         3
    8854,  2,         4
    8855,  2,         4
    8856,  2,         6
    8857,  2,         3
    8858,  2,         3
    8859,  2,         3
    8860,  2,         3
    8861,  2,         3
    8862,  2,         3
    8863,  2,         4
    8864,  2,         4
    8865,  2,         6
    8866,  2,         3
    8867,  2,         3
    8868,  2,         3
    8869,  2,         3
    8870,  2,         3
    8871,  2,         3
    8872,  2,         4
    8873,  2,         4
    8874,  2,         6
    8875,  2,         3
    8876,  2,         3
    8877,  2,         3
    8878,  2,         3
    8879,  2,         3
    8880,  2,         3
    8881,  2,         4
    8882,  2,         4
    8883,  2,         6
    8884,  2,         3
    8885,  2,         3
    8886,  2,         3
    8887,  2,         3
    8888,  2,         3
    8889,  2,         3
    8890,  2,         4
    8891,  2,         4
    8892,  2,         6
    8893,  2,         3
    8894,  2,         3
    8895,  2,         3
    8896,  2,         3
    8897,  2,         3
    8898,  2,         3
    8899,  2,         4
    8900,  2,         4
    8901,  2,         6
    8902,  2,         3
    8903,  2,         3
    8904,  2,         3
    8905,  2,         3
    8906,  2,         3
    8907,  2,         3
    8908,  2,         4
    8909,  2,         4
    8910,  2,         6
    8911,  2,         3
    8912,  2,         3
    8913,  2,         3
    8914,  2,         3
    8915,  2,         3
    8916,  2,         3
    8917,  2,         4
    8918,  2,         4
    8919,  2,         6
    8920,  2,         3
    8921,  2,         3
    8922,  2,         3
    8923,  2,         3
    8924,  2,         3
    8925,  2,         3
    8926,  2,         4
    8927,  2,         4
    8928,  2,         6
    8929,  2,         3
    8930,  2,         3
    8931,  2,         3
    8932,  2,         3
    8933,  2,         3
    8934,  2,         3
    8935,  2,         4
    8936,  2,         4
    8937,  2,         4
    8938,  2,         6
    8939,  2,         4
    8940,  2,         4
    8941,  2,         4
    8942,  2,         6
    8943,  2,         3
    8944,  2,         3
    8945,  2,         3
    8946,  2,         3
    8947,  2,         3
    8948,  2,         3
    8949,  2,         3
    8950,  2,         3
    8956,  2,         4
    8957,  2,         4
    8958,  2,         4
    8959,  2,         6
    8960,  2,         6
    8961,  2,         4
    8962,  2,         4
    8963,  2,         4
    8964,  2,         4
    8965,  2,         6
    8966,  2,         3
    8967,  2,         3
    8968,  2,         3
    8969,  2,         3
    8970,  2,         5
    8971,  2,         3
    8972,  2,         3
    8973,  2,         3
    8974,  2,         3
    8975,  2,         3
    8985,  2,         5
    8986,  2,         4
    8987,  2,         4
    8988,  2,         4
    8989,  2,         4
    8990,  2,         6
    8991,  2,         4
    8992,  2,         4
    8993,  2,         4
    8994,  2,         4
    8995,  2,         5
    8996,  2,         3
    8997,  2,         3
    8998,  2,         3
    8999,  2,         3
    9000,  2,         3
    9015,  2,         7
    9016,  2,         4
    9017,  2,         4
    9018,  2,         4
    9019,  2,         4
    9020,  2,         6
    9021,  2,         5
    9022,  2,         4
    9023,  2,         4
    9024,  2,         4
    9025,  2,         4
    9041,  2,         4
    9042,  2,         4
    9043,  2,         4
    9044,  2,         4
    9045,  2,         6
    9046,  2,         4
    9047,  2,         4
    9048,  2,         4
    9049,  2,         4
    9050,  2,         4
    9075,  2,         4
    9076,  2,         4
    9077,  2,         4
    9078,  2,         4
    9079,  2,         4
    9080,  2,         4
    9081,  2,         4
    9082,  2,         4
    9083,  2,         4
    9084,  2,         4
    9085,  2,         4
    9086,  2,         4
   10254,  2,         2
   10255,  2,         3
   10256,  2,         3
   10257,  2,         3
   10258,  2,         3
   10259,  2,         3
   10260,  2,         3
   10261,  2,         3
   10262,  2,         3
   10263,  2,         3
   10264,  2,         3
   10265,  2,         3
   10266,  2,         3
   10267,  2,         3
   10268,  2,         3
   10269,  2,         3
   10270,  2,         3
   10271,  2,         3
   10272,  2,         3
   10273,  2,         3
   10274,  2,         3
   10275,  2,         3
   10276,  2,         3
   10277,  2,         3
   10278,  2,         3
   10279,  2,         3
   10284,  2,         4
   10285,  2,         4
   10286,  2,         4
   10287,  2,         4
   10288,  2,         4
   10289,  2,         4
   10290,  2,         4
   10291,  2,         4
   10292,  2,         3
   10293,  2,         3
   10294,  2,         3
   10295,  2,         3
   10669,  2,         2
   10670,  2,         2
   10672,  2,         2
   10707,  2,         2
   10986,  2,         2
   10988,  2,         2
   12499,  2,         4
   12500,  2,         4
   12501,  2,         4
   12607,  2,         3
   12608,  2,         3
   12609,  2,         3
   12610,  2,         3
   12611,  2,         3
   12612,  2,         3
   12613,  2,         4
   12614,  2,         4
   12615,  2,         4
   13325,  2,         2
   13326,  2,         2
   13327,  2,         2
   13328,  2,         2
   13578,  2,         2
   13579,  2,         2
   13580,  2,         2
   13581,  2,         2
   13582,  2,         2
   13583,  2,         2
   13584,  2,         2
   13585,  2,         2
   13586,  2,         2
   13587,  2,         2
   13588,  2,         2
   13589,  2,         2
   13590,  2,         2
   13591,  2,         2
   13592,  2,         2
   13593,  2,         2
   13594,  2,         2
   13595,  2,         2
   13596,  2,         2
   13597,  2,         2
   13598,  2,         2
   13599,  2,         2
   13600,  2,         2
   13601,  2,         2
   13602,  2,         2
   13603,  2,         2
   13604,  2,         2
   13605,  2,         2
   13606,  2,         2
   13607,  2,         2
   13608,  2,         2
   13609,  2,         2
   13610,  2,         2
   13611,  2,         2
   13612,  2,         2
   13613,  2,         2
   13614,  2,         2
   13615,  2,         2
   13616,  2,         2
   13617,  2,         2
   13618,  2,         2
   13619,  2,         2
   13620,  2,         2
   13621,  2,         2
   13622,  2,         2
   13623,  2,         2
   13624,  2,         2
   13625,  2,         2
   13626,  2,         2
   13627,  2,         2
   13628,  2,         2
   13629,  2,         2
   13630,  2,         2
   13631,  2,         2
   13632,  2,         2
   13633,  2,         2
   13634,  2,         2
   13635,  2,         2
   13636,  2,         2
   13637,  2,         2
   13638,  2,         2
   13639,  2,         2
   13640,  2,         2
   13641,  2,         2
   13642,  2,         2
   13643,  2,         2
   13644,  2,         2
   13645,  2,         2
   13646,  2,         2
   13647,  2,         2
   13648,  2,         2
   13649,  2,         2
   13650,  2,         2
   13651,  2,         2
   13652,  2,         2
   13653,  2,         2
   13654,  2,         2
   13655,  2,         2
   13656,  2,         2
   13657,  2,         2
   13658,  2,         2
   13659,  2,         2
   13660,  2,         2
   13661,  2,         2
   13662,  2,         2
   13663,  2,         2
   13664,  2,         2
   13665,  2,         2
   13666,  2,         2
   13667,  2,         2
   13668,  2,         2
   13669,  2,         2
   13670,  2,         2
   13671,  2,         2
   13672,  2,         2
   13673,  2,         2
   13674,  2,         2
   13675,  2,         2
   13676,  2,         2
   13677,  2,         2
   13678,  2,         2
   13679,  2,         2
   13680,  2,         2
   13681,  2,         2
   13682,  2,         2
   13683,  2,         2
   13684,  2,         2
   13685,  2,         2
   13686,  2,         2
   13687,  2,         2
   13688,  2,         2
   13689,  2,         2
   13690,  2,         2
   14026,  2,         2
   14027,  2,         2
   14028,  2,         2
   14029,  2,         2
   14030,  2,         2
   14031,  2,         2
   14032,  2,         2
   14033,  2,         2
   14034,  2,         2
   14035,  2,         2
   14036,  2,         2
   14037,  2,         2
   14038,  2,         2
   14039,  2,         2
   14040,  2,         2
   14041,  2,         2
   14042,  2,         2
   14043,  2,         2
   14044,  2,         2
   14045,  2,         2
   14046,  2,         2
   14047,  2,         2
   14048,  2,         2
   14049,  2,         2
   14050,  2,         2
   14051,  2,         2
   14052,  2,         2
   14053,  2,         2
   14054,  2,         2
   14055,  2,         2
   14056,  2,         2
   14057,  2,         2
   14058,  2,         2
   14059,  2,         2
   14060,  2,         2
   14061,  2,         2
   14062,  2,         2
   14063,  2,         2
   14064,  2,         2
   14065,  2,         2
   14066,  2,         2
   14067,  2,         2
   14068,  2,         2
   14069,  2,         2
   14070,  2,         2
   14071,  2,         2
   14072,  2,         2
   14073,  2,         2
   14074,  2,         2
   14075,  2,         2
   14076,  2,         2
   14077,  2,         2
   14078,  2,         2
   14079,  2,         2
   14080,  2,         2
   14081,  2,         2
   14082,  2,         2
   14083,  2,         2
   14084,  2,         2
   14085,  2,         2
   14086,  2,         2
   14087,  2,         2
   14088,  2,         2
   14089,  2,         2
   14090,  2,         2
   14091,  2,         2
   14092,  2,         2
   14093,  2,         2
   14094,  2,         2
   14095,  2,         2
   14096,  2,         2
   14097,  2,         2
   14098,  2,         2
   14099,  2,         2
   14100,  2,         2
   14101,  2,         2
   14102,  2,         2
   14103,  2,         2
   14104,  2,         2
   14105,  2,         2
   14106,  2,         2
   14107,  2,         2
   14108,  2,         2
   14109,  2,         2
   14110,  2,         2
   14111,  2,         2
   14112,  2,         2
   14113,  2,         2
   14114,  2,         2
   14115,  2,         2
   14116,  2,         2
   14117,  2,         2
   14118,  2,         2
   14119,  2,         2
   14120,  2,         2
   14121,  2,         2
   14122,  2,         2
   14123,  2,         2
   14124,  2,         2
   14125,  2,         2
   14126,  2,         2
   14127,  2,         2
   14128,  2,         2
   14129,  2,         2
   14130,  2,         2
   14131,  2,         2
   14132,  2,         2
   14133,  2,         2
   14134,  2,         2
   15924,  2,         3
   15929,  2,         4
   15930,  2,         4
   15931,  2,         3
   15932,  2,         3
   15933,  2,         3
   15934,  2,         3
   15935,  2,         3
   15936,  2,         3
   15937,  2,         3
   15938,  2,         3
   15939,  2,         3
   16066,  2,         2
   16067,  2,         2
   16068,  2,         2
   16069,  2,         2
   16070,  2,         2
   16071,  2,         2
   16072,  2,         2
   16073,  2,         2
   16074,  2,         2
   16075,  2,         2
   16076,  2,         2
   16077,  2,         2
   16078,  2,         2
   16079,  2,         2
   16080,  2,         2
   16081,  2,         2
   16082,  2,         2
   16083,  2,         2
   16084,  2,         2
   16085,  2,         2
   16086,  2,         2
   16087,  2,         2
   16088,  2,         2
   16089,  2,         2
   16090,  2,         2
   16091,  2,         2
   16092,  2,         2
   16093,  2,         2
   16094,  2,         2
   16095,  2,         2
   16096,  2,         2
   16097,  2,         2
   16098,  2,         2
   16099,  2,         2
   16100,  2,         2
   16101,  2,         2
   16102,  2,         2
   16103,  2,         2
   16104,  2,         2
   16105,  2,         2
   16106,  2,         2
   16107,  2,         2
   16108,  2,         2
   16109,  2,         2
   16110,  2,         2
   16111,  2,         2
   16112,  2,         2
   16113,  2,         2
   16114,  2,         2
   16115,  2,         2
   16116,  2,         2
   16117,  2,         2
   16118,  2,         2
   16119,  2,         2
   16120,  2,         2
   16121,  2,         2
   16122,  2,         2
   16123,  2,         2
   16124,  2,         2
   16125,  2,         2
   16126,  2,         2
   16127,  2,         2
   16128,  2,         2
   16129,  2,         2
   16130,  2,         2
   16131,  2,         2
   16132,  2,         2
   16133,  2,         2
   16134,  2,         2
   16135,  2,         2
   16136,  2,         2
   16137,  2,         2
   16138,  2,         2
   16139,  2,         2
   16140,  2,         2
   16141,  2,         2
   16142,  2,         2
   16143,  2,         2
   16144,  2,         2
   16145,  2,         2
   16146,  2,         2
   16147,  2,         2
   16148,  2,         2
   16149,  2,         2
   16150,  2,         2
   16151,  2,         2
   16152,  2,         2
   16153,  2,         2
   16154,  2,         2
   16155,  2,         2
   16156,  2,         2
   16157,  2,         2
   16158,  2,         2
   16159,  2,         2
   16160,  2,         2
   16161,  2,         2
   16162,  2,         2
   16163,  2,         2
   16164,  2,         2
   16165,  2,         2
   16166,  2,         2
   16167,  2,         2
   16168,  2,         2
   16169,  2,         2
   16364,  2,         3
   16365,  2,         3
   16366,  2,         3
   16367,  2,         3
   16368,  2,         2
   16369,  2,         3
   16371,  2,         3
   16372,  2,         3
   16375,  2,         3
   16402,  2,         3
   16403,  2,         2
   16404,  2,         2
   16405,  2,         2
   16406,  2,         2
   16407,  2,         2
   16408,  2,         2
   16409,  2,         2
   16410,  2,         2
   16411,  2,         2
   16412,  2,         2
   16413,  2,         2
   16414,  2,         2
   16415,  2,         2
   16416,  2,         2
   16417,  2,         2
   16418,  2,         2
   16419,  2,         2
   16420,  2,         2
   16421,  2,         2
   16422,  2,         2
   16423,  2,         2
   16442,  2,         2
   16446,  2,         2
   16447,  2,         2
   16479,  2,         2
   16480,  2,         2
   16505,  2,         2
   16782,  2,         2
   16783,  2,         2
   16814,  2,         2
   16815,  2,         3
   16912,  2,         2
   16921,  2,         3
   16947,  2,         2
   16948,  2,         3
   16976,  2,         2
   16977,  2,         3
   17029,  2,         2
   17113,  2,         3
   17114,  2,         3
   17232,  2,         3
   17245,  2,         3
   17246,  2,         2
   17247,  2,         3
   17248,  2,         3
   17395,  2,         3
   17396,  2,         3
   17397,  2,         3
   17398,  2,         3
   17399,  2,         2
   17400,  2,         3
   17401,  2,         2
   17402,  2,         3
   17403,  2,         2
   17404,  2,         3
   17406,  2,         3
   17540,  2,         2
   17543,  2,         3
   17673,  2,         4
   17674,  2,         2
   17899,  2,         2
   17900,  2,         2
   17901,  2,         2
   18234,  2,         2
   18238,  2,         2
   18239,  2,         2
   18240,  2,         2
   18241,  2,         2
   18242,  2,         2
   18243,  2,         2
   18244,  2,         2
   18546,  2,         2
   18547,  2,         2
   18548,  2,         2
   18549,  2,         2
   18550,  2,         2
   18551,  2,         2
   18557,  2,         2
   18558,  2,         2
   18559,  2,         2
   18560,  2,         2
   18561,  2,         2
   18562,  2,         2
   18563,  2,         2
   18564,  2,         2
   18565,  2,         2
   18566,  2,         2
   18567,  2,         2
   18568,  2,         2
   18569,  2,         2
   18570,  2,         2
   18571,  2,         2
   18572,  2,         2
   18573,  2,         2
   18574,  2,         2
   18575,  2,         2
   18628,  2,         2
   18629,  2,         2
   18630,  2,         2
   18631,  2,         2
   18632,  2,         2
   18633,  2,         2
   18634,  2,         2
   18635,  2,         2
   18636,  2,         2
   18637,  2,         2
   18638,  2,         2
   18639,  2,         2
   18640,  2,         2
   18641,  2,         2
   18642,  2,         2
   18643,  2,         2
   18644,  2,         2
   18645,  2,         2
   18646,  2,         2
   18647,  2,         2
   18648,  2,         2
   18650,  2,         2
   18651,  2,         2
   18652,  2,         2
   18653,  2,         2
   18654,  2,         2
   18655,  2,         2
   18656,  2,         2
   18657,  2,         2
   18658,  2,         2
   18659,  2,         2
   18660,  2,         2
   18661,  2,         2
   18662,  2,         2
   18663,  2,         2
   18664,  2,         2
   18665,  2,         2
   18666,  2,         2
   18667,  2,         2
   18668,  2,         3
   18669,  2,         3
   18670,  2,         3
   18677,  2,         3
   18679,  2,         2
   18687,  2,         2
   18688,  2,         2
   18689,  2,         2
   18690,  2,         2
   18691,  2,         2
   18692,  2,         2
   18693,  2,         2
   18694,  2,         2
   18695,  2,         2
   18696,  2,         2
   18697,  2,         2
   18698,  2,         2
   18699,  2,         2
   18700,  2,         2
   18701,  2,         2
   18702,  2,         2
   18703,  2,         3
   18704,  2,         3
   18705,  2,         3
   18722,  2,         2
   18723,  2,         2
   18724,  2,         2
   18725,  2,         2
   18726,  2,         2
   18727,  2,         2
   18728,  2,         2
   18729,  2,         2
   18730,  2,         2
   18731,  2,         2
   18732,  2,         2
   18733,  2,         2
   18734,  2,         2
   18735,  2,         2
   18736,  2,         2
   18737,  2,         2
   18738,  2,         2
   18739,  2,         2
   18740,  2,         2
   18741,  2,         2
   18742,  2,         2
   18743,  2,         2
   18744,  2,         3
   18745,  2,         3
   18746,  2,         3
   18753,  2,         3
   18754,  2,         3
   18755,  2,         3
   18756,  2,         3
   18757,  2,         3
   18829,  2,         2
   18864,  2,         2
   18926,  2,         2
   18927,  2,         2
   18928,  2,         2
   18938,  2,         2
   18939,  2,         2
   18951,  2,         2
   18952,  2,         2
   18953,  2,         2
   18954,  2,         2
   18955,  2,         2
   18956,  2,         2
   18957,  2,         2
   18958,  2,         2
   18959,  2,         2
   18960,  2,         2
   18961,  2,         2
   18962,  2,         2
   18963,  2,         2
   18964,  2,         2
   18965,  2,         2
   18966,  2,         2
   18967,  2,         2
   18968,  2,         2
   18969,  2,         2
   18970,  2,         2
   18971,  2,         2
   18972,  2,         2
   18973,  2,         2
   18974,  2,         2
   18975,  2,         2
   18976,  2,         2
   18977,  2,         2
   18978,  2,         2
   18979,  2,         2
   18980,  2,         2
   18981,  2,         2
   18982,  2,         2
   18983,  2,         2
   18984,  2,         2
   18985,  2,         2
   18986,  2,         2
   18987,  2,         2
   18988,  2,         2
   19231,  2,         2
   19235,  2,         2
   19236,  2,         2
   19237,  2,         2
   19238,  2,         2
   19239,  2,         2
   19240,  2,         2
   19241,  2,         2
   19242,  2,         2
   19243,  2,         2
   19244,  2,         2
   19245,  2,         2
   19246,  2,         2
   19247,  2,         2
   19248,  2,         2
   19249,  2,         2
   19250,  2,         2
   19251,  2,         2
   19252,  2,         2
   19253,  2,         2
   19254,  2,         2
   19520,  2,         2
   19521,  2,         2
   19522,  2,         2
   20417,  2,         2
   20418,  2,         2
   20419,  2,         2
   20420,  2,         2
   20421,  2,         2
   20422,  2,         2
   20423,  2,         2
   20424,  2,         2
   20425,  2,         2
   20426,  2,         2
   20427,  2,         2
   20428,  2,         2
   20429,  2,         2
   20430,  2,         2
   20431,  2,         2
   20674,  2,         2
   20675,  2,         2
   20676,  2,         2
   20677,  2,         2
   20678,  2,         2
   20679,  2,         2
   20680,  2,         2
   20681,  2,         2
   20682,  2,         2
   20683,  2,         2
   20684,  2,         2
   20685,  2,         2
   20686,  2,         2
   20687,  2,         2
   20688,  2,         2
   20689,  2,         2
   20690,  2,         2
   20691,  2,         2
   20692,  2,         2
   20693,  2,         2
   20694,  2,         2
   20695,  2,         2
   20696,  2,         2
   20697,  2,         2
   20698,  2,         2
   20699,  2,         2
   20700,  2,         2
   20840,  2,         2
   20841,  2,         2
   20842,  2,         2
   20843,  2,         2
   20844,  2,         2
   20845,  2,         2
   20846,  2,         2
   20847,  2,         2
   20848,  2,         2
   20917,  2,         2
   20918,  2,         2
   20919,  2,         2
   20920,  2,         2
   20921,  2,         2
   20922,  2,         2
   20923,  2,         2
   20924,  2,         2
   20925,  2,         2
   20926,  2,         2
   20927,  2,         2
   20928,  2,         2
   20929,  2,         2
   20930,  2,         2
   20931,  2,         2
   20932,  2,         2
   20933,  2,         2
   20934,  2,         2
   20935,  2,         2
   20936,  2,         2
   20937,  2,         2
   20938,  2,         2
   20939,  2,         2
   20940,  2,         2
   20941,  2,         2
   20942,  2,         2
   20943,  2,         2
   20944,  2,         2
   20945,  2,         2
   20946,  2,         2
   20947,  2,         2
   20948,  2,         2
   20949,  2,         2
   20959,  2,         2
   20960,  2,         2
   20961,  2,         2
   20996,  2,         2
   20997,  2,         2
   20998,  2,         2
   20999,  2,         2
   21000,  2,         2
   21001,  2,         2
   21002,  2,         2
   21003,  2,         2
   21004,  2,         2
   21005,  2,         2
   21056,  2,         2
   21057,  2,         2
   21058,  2,         2
   21059,  2,         2
   21143,  2,         2
   21144,  2,         2
   21145,  2,         2
   21146,  2,         2
   21147,  2,         2
   21148,  2,         2
   21149,  2,         2
   21150,  2,         2
   21151,  2,         2
   21152,  2,         2
   21153,  2,         2
   21154,  2,         2
   21155,  2,         2
   21156,  2,         2
   21157,  2,         2
   21158,  2,         2
   21159,  2,         2
   21160,  2,         2
   21161,  2,         2
   21162,  2,         2
   21163,  2,         2
   21164,  2,         2
   21165,  2,         2
   21166,  2,         2
   21167,  2,         2
   21168,  2,         2
   21169,  2,         2
   21170,  2,         2
   21171,  2,         2
   21172,  2,         2
   21173,  2,         2
   21174,  2,         2
   21175,  2,         2
   21176,  2,         2
   21177,  2,         2
   21187,  2,         2
   21188,  2,         2
   21189,  2,         2
   21190,  2,         2
   21191,  2,         2
   21192,  2,         2
   21193,  2,         2
   21194,  2,         2
   21195,  2,         2
   21196,  2,         2
   21197,  2,         2
   21198,  2,         2
   21199,  2,         2
   21200,  2,         2
   21201,  2,         2
   21202,  2,         2
   21203,  2,         2
   21204,  2,         2
   21205,  2,         2
   21206,  2,         2
   21207,  2,         2
    1681,  1,        11
    5883,  2,         7
    5899,  2,         7
    5900,  2,         7
    5901,  2,         6
    5902,  2,         8
    5923,  2,         7
    5924,  2,         7
    5925,  2,         6
    5926,  2,         6
    5927,  2,         8
    5948,  2,         7
    5949,  2,         7
    5950,  2,         6
    5951,  2,         6
    5952,  2,         8
    5973,  2,         7
    5974,  2,         7
    5975,  2,         6
    5976,  2,         6
    5977,  2,         8
    5998,  2,         7
    5999,  2,         7
    6000,  2,         6
    6001,  2,         6
    6002,  2,         8
    6023,  2,         7
    6024,  2,         7
    6025,  2,         6
    6026,  2,         6
    6027,  2,         8
    6058,  2,         6
    6059,  2,         6
    6060,  2,         5
    6061,  2,         5
    6062,  2,         5
    6063,  2,         7
    6094,  2,         6
    6095,  2,         6
    6096,  2,         5
    6097,  2,         5
    6098,  2,         7
    6099,  2,         7
    6130,  2,         6
    6131,  2,         6
    6132,  2,         5
    6133,  2,         5
    6134,  2,         7
    6135,  2,         7
    6166,  2,         6
    6167,  2,         6
    6168,  2,         5
    6169,  2,         5
    6170,  2,         7
    6171,  2,         7
    6202,  2,         6
    6203,  2,         5
    6204,  2,         5
    6205,  2,         5
    6206,  2,         7
    6207,  2,         7
    6238,  2,         6
    6239,  2,         5
    6240,  2,         5
    6241,  2,         5
    6242,  2,         7
    6243,  2,         7
    6286,  2,         9
    6287,  2,         6
    6288,  2,         6
    6289,  2,         6
    6290,  2,         6
    6291,  2,         8
    6292,  2,         8
    6341,  2,         8
    6526,  2,         8
    6527,  2,         7
    6528,  2,         7
    6529,  2,         7
    6530,  2,         7
    6531,  2,         7
    6532,  2,         8
    6605,  2,         9
    6606,  2,         6
    6607,  2,         6
    6608,  2,         6
    6609,  2,         6
    6610,  2,         6
    6611,  2,         6
    6612,  2,         6
    6613,  2,         8
    6614,  2,         8
    6695,  2,         8
    8951,  2,         5
    8952,  2,         5
    8953,  2,         5
    8954,  2,         7
    8955,  2,         6
    8976,  2,         5
    8977,  2,         5
    8978,  2,         7
    8979,  2,         7
    8980,  2,         6
    8981,  2,         4
    8982,  2,         4
    8983,  2,         4
    8984,  2,         6
    9001,  2,         5
    9002,  2,         5
    9003,  2,         5
    9004,  2,         7
    9005,  2,         6
    9006,  2,         5
    9007,  2,         5
    9008,  2,         5
    9009,  2,         7
    9010,  2,         6
    9011,  2,         4
    9012,  2,         4
    9013,  2,         4
    9014,  2,         4
    9026,  2,         5
    9027,  2,         5
    9028,  2,         5
    9029,  2,         7
    9030,  2,         7
    9031,  2,         5
    9032,  2,         5
    9033,  2,         5
    9034,  2,         5
    9035,  2,         9
    9036,  2,         5
    9037,  2,         5
    9038,  2,         5
    9039,  2,         5
    9040,  2,         6
    9051,  2,         5
    9052,  2,         5
    9053,  2,         5
    9054,  2,         5
    9055,  2,         5
    9056,  2,         7
    9057,  2,         5
    9058,  2,         5
    9059,  2,         5
    9060,  2,         5
    9061,  2,         5
    9062,  2,         9
    9063,  2,         5
    9064,  2,         5
    9065,  2,         5
    9066,  2,         5
    9067,  2,         5
    9068,  2,         7
    9069,  2,         5
    9070,  2,         5
    9071,  2,         5
    9072,  2,         5
    9073,  2,         5
    9074,  2,         6
    9092,  2,         7
    9093,  2,         6
    9094,  2,         6
    9095,  2,         6
    9096,  2,         6
    9097,  2,         6
    9098,  2,         7
    9099,  2,         6
    9100,  2,         6
    9101,  2,         6
    9102,  2,         6
    9103,  2,         6
    9104,  2,         7
    9105,  2,         5
    9106,  2,         5
    9107,  2,         5
    9108,  2,         5
    9109,  2,         5
    9110,  2,         5
    9111,  2,         5
    9112,  2,         5
    9113,  2,         5
    9114,  2,         5
    9115,  2,         5
    9116,  2,         5
    9117,  2,         5
    9118,  2,         5
    9119,  2,         5
    9120,  2,         5
    9121,  2,         5
    9122,  2,         5
    9134,  2,         7
    9140,  2,         6
    9153,  2,         6
    9154,  2,         6
    9155,  2,         6
    9156,  2,         6
    9157,  2,         6
    9158,  2,         6
   10280,  2,         4
   10281,  2,         4
   10282,  2,         4
   10283,  2,         4
   10296,  2,         5
   10297,  2,         5
   10298,  2,         5
   10299,  2,         5
   10300,  2,         5
   10301,  2,         5
   10302,  2,         5
   10303,  2,         5
   10304,  2,         5
   10305,  2,         5
   10306,  2,         5
   10307,  2,         5
   10308,  2,         6
   10309,  2,         6
   10310,  2,         6
   10311,  2,         6
   10377,  2,         4
   10378,  2,         4
   10379,  2,         4
   10386,  2,         4
   10387,  2,         4
   10388,  2,         4
   10395,  2,         4
   10396,  2,         4
   10397,  2,         4
   10410,  2,         4
   10411,  2,         4
   10412,  2,         4
   10413,  2,         4
   10426,  2,         3
   10427,  2,         3
   10428,  2,         3
   10429,  2,         3
   10442,  2,         3
   10443,  2,         3
   10444,  2,         3
   10445,  2,         3
   10475,  2,         3
   10674,  2,         5
   10699,  2,         3
   10702,  2,         3
   10703,  2,         3
   10705,  2,         3
   10706,  2,         3
   10983,  2,         2
   10987,  2,         3
   10989,  2,         2
   11463,  2,         2
   11465,  2,         2
   11466,  2,         2
   12360,  2,         5
   12361,  2,         5
   12362,  2,         5
   12363,  2,         5
   12364,  2,         5
   12365,  2,         5
   12366,  2,         5
   12367,  2,         5
   12368,  2,         5
   12369,  2,         5
   12370,  2,         5
   12371,  2,         5
   12372,  2,         5
   12373,  2,         5
   12374,  2,         5
   12375,  2,         5
   12376,  2,         5
   12377,  2,         5
   12493,  2,         4
   12494,  2,         4
   12495,  2,         4
   12496,  2,         4
   12497,  2,         4
   12498,  2,         4
   12502,  2,         4
   12503,  2,         4
   12504,  2,         4
   12505,  2,         4
   12506,  2,         4
   12507,  2,         4
   12508,  2,         4
   12509,  2,         4
   12510,  2,         4
   12616,  2,         4
   12617,  2,         4
   12618,  2,         4
   12619,  2,         4
   12620,  2,         4
   12621,  2,         4
   12622,  2,         5
   12623,  2,         5
   12624,  2,         5
   12839,  2,         4
   12840,  2,         4
   12841,  2,         4
   12842,  2,         4
   12843,  2,         4
   12844,  2,         4
   12845,  2,         4
   12846,  2,         4
   12847,  2,         4
   12848,  2,         4
   12849,  2,         4
   12850,  2,         4
   12851,  2,         4
   12852,  2,         4
   12853,  2,         4
   12854,  2,         5
   12855,  2,         5
   12856,  2,         5
   13010,  2,         3
   13011,  2,         3
   13012,  2,         3
   13013,  2,         3
   14017,  2,         2
   14018,  2,         2
   14019,  2,         2
   14020,  2,         2
   14021,  2,         2
   14022,  2,         2
   14023,  2,         2
   14024,  2,         2
   14025,  2,         2
   14135,  2,         2
   14136,  2,         2
   14137,  2,         2
   14138,  2,         2
   14139,  2,         2
   14140,  2,         2
   14141,  2,         2
   14142,  2,         2
   14143,  2,         2
   14144,  2,         2
   14145,  2,         2
   14146,  2,         2
   14147,  2,         2
   14148,  2,         2
   14149,  2,         2
   14150,  2,         2
   14151,  2,         2
   14152,  2,         2
   14153,  2,         2
   14154,  2,         2
   14155,  2,         2
   14156,  2,         2
   14157,  2,         2
   14158,  2,         2
   14159,  2,         2
   14160,  2,         2
   14161,  2,         2
   14162,  2,         2
   14163,  2,         2
   14164,  2,         2
   14165,  2,         2
   14166,  2,         2
   14167,  2,         2
   14168,  2,         2
   14169,  2,         2
   14170,  2,         2
   14171,  2,         2
   14172,  2,         2
   14173,  2,         2
   14174,  2,         2
   14175,  2,         2
   14176,  2,         2
   14177,  2,         2
   14178,  2,         2
   14179,  2,         2
   14180,  2,         2
   14181,  2,         2
   14182,  2,         2
   14183,  2,         2
   14184,  2,         2
   14185,  2,         2
   14186,  2,         2
   14187,  2,         2
   14188,  2,         2
   14189,  2,         2
   14190,  2,         2
   14191,  2,         2
   14192,  2,         2
   14193,  2,         2
   14194,  2,         2
   14195,  2,         2
   14196,  2,         2
   14197,  2,         2
   14198,  2,         2
   14199,  2,         2
   14200,  2,         2
   14201,  2,         2
   14202,  2,         2
   14203,  2,         2
   14204,  2,         2
   14205,  2,         2
   14206,  2,         2
   14207,  2,         2
   14208,  2,         2
   14209,  2,         2
   14210,  2,         2
   14211,  2,         2
   14212,  2,         2
   14213,  2,         2
   14214,  2,         2
   14265,  2,         2
   14266,  2,         2
   14267,  2,         2
   14268,  2,         2
   14269,  2,         2
   14270,  2,         2
   14271,  2,         2
   14272,  2,         2
   14273,  2,         2
   14274,  2,         2
   14275,  2,         2
   14276,  2,         2
   14277,  2,         2
   14278,  2,         2
   14279,  2,         2
   14280,  2,         2
   14281,  2,         2
   14282,  2,         2
   14283,  2,         2
   14284,  2,         2
   14285,  2,         2
   14286,  2,         2
   14287,  2,         2
   14288,  2,         2
   14289,  2,         2
   14290,  2,         2
   14291,  2,         2
   14292,  2,         2
   14293,  2,         2
   14294,  2,         2
   14295,  2,         2
   14296,  2,         2
   14297,  2,         2
   14298,  2,         2
   14299,  2,         2
   14300,  2,         2
   14301,  2,         2
   14302,  2,         2
   14303,  2,         2
   14304,  2,         2
   14305,  2,         2
   14431,  2,         5
   14432,  2,         5
   14433,  2,         5
   14434,  2,         5
   14707,  2,         3
   14708,  2,         3
   14709,  2,         3
   14710,  2,         3
   14723,  2,         3
   14724,  2,         3
   14725,  2,         3
   14726,  2,         3
   14739,  2,         3
   14740,  2,         3
   14741,  2,         3
   14742,  2,         3
   14755,  2,         3
   14756,  2,         3
   14757,  2,         3
   14758,  2,         3
   14771,  2,         3
   14772,  2,         3
   14773,  2,         3
   14774,  2,         3
   14787,  2,         3
   14788,  2,         3
   14789,  2,         3
   14790,  2,         3
   14803,  2,         3
   14804,  2,         3
   14805,  2,         3
   14806,  2,         3
   15142,  2,         4
   15152,  2,         4
   15153,  2,         4
   15154,  2,         4
   15155,  2,         4
   15156,  2,         4
   15157,  2,         4
   15158,  2,         4
   15159,  2,         4
   15160,  2,         4
   15161,  2,         4
   15162,  2,         4
   15163,  2,         4
   15164,  2,         5
   15165,  2,         5
   15166,  2,         5
   15167,  2,         5
   15168,  2,         5
   15169,  2,         5
   15170,  2,         5
   15171,  2,         5
   15172,  2,         5
   15173,  2,         5
   15174,  2,         5
   15175,  2,         5
   15176,  2,         6
   15177,  2,         5
   15178,  2,         5
   15179,  2,         5
   15452,  2,         3
   15453,  2,         3
   15454,  2,         3
   15455,  2,         3
   15456,  2,         2
   15457,  2,         2
   15458,  2,         2
   15459,  2,         2
   15460,  2,         2
   15461,  2,         2
   15462,  2,         2
   15463,  2,         2
   15464,  2,         2
   15465,  2,         2
   15466,  2,         2
   15467,  2,         2
   15468,  2,         3
   15469,  2,         3
   15470,  2,         3
   15471,  2,         3
   15484,  2,         3
   15485,  2,         3
   15486,  2,         3
   15487,  2,         3
   15488,  2,         2
   15489,  2,         2
   15490,  2,         2
   15491,  2,         2
   15492,  2,         2
   15493,  2,         2
   15494,  2,         2
   15495,  2,         2
   15496,  2,         2
   15497,  2,         2
   15498,  2,         2
   15499,  2,         2
   15500,  2,         3
   15501,  2,         3
   15502,  2,         3
   15503,  2,         3
   15504,  2,         2
   15505,  2,         2
   15506,  2,         2
   15507,  2,         2
   15508,  2,         2
   15509,  2,         2
   15510,  2,         2
   15511,  2,         2
   15512,  2,         2
   15513,  2,         2
   15514,  2,         2
   15515,  2,         2
   15516,  2,         3
   15517,  2,         3
   15518,  2,         3
   15519,  2,         3
   15520,  2,         2
   15521,  2,         2
   15522,  2,         2
   15523,  2,         2
   15524,  2,         2
   15525,  2,         2
   15526,  2,         2
   15527,  2,         2
   15528,  2,         2
   15529,  2,         2
   15530,  2,         2
   15531,  2,         2
   15532,  2,         2
   15533,  2,         2
   15534,  2,         2
   15535,  2,         2
   15536,  2,         2
   15537,  2,         2
   15538,  2,         2
   15539,  2,         2
   15540,  2,         2
   15541,  2,         2
   15542,  2,         2
   15543,  2,         2
   15544,  2,         2
   15545,  2,         2
   15546,  2,         2
   15547,  2,         2
   15548,  2,         2
   15549,  2,         2
   15550,  2,         2
   15551,  2,         2
   15552,  2,         2
   15553,  2,         2
   15554,  2,         2
   15555,  2,         2
   15556,  2,         2
   15557,  2,         2
   15558,  2,         2
   15559,  2,         2
   15560,  2,         2
   15561,  2,         2
   15562,  2,         2
   15563,  2,         2
   15564,  2,         2
   15565,  2,         2
   15566,  2,         2
   15567,  2,         2
   15568,  2,         2
   15569,  2,         2
   15570,  2,         2
   15571,  2,         2
   15572,  2,         2
   15573,  2,         2
   15574,  2,         2
   15575,  2,         2
   15576,  2,         2
   15577,  2,         2
   15578,  2,         2
   15579,  2,         2
   15925,  2,         3
   15927,  2,         3
   15928,  2,         3
   15940,  2,         4
   15941,  2,         4
   15942,  2,         4
   15943,  2,         4
   15944,  2,         4
   15945,  2,         4
   15946,  2,         4
   15947,  2,         4
   15948,  2,         4
   15949,  2,         4
   15950,  2,         4
   15951,  2,         4
   15952,  2,         4
   15953,  2,         4
   15954,  2,         4
   15955,  2,         4
   15956,  2,         4
   15957,  2,         4
   16057,  2,         2
   16058,  2,         2
   16059,  2,         2
   16060,  2,         2
   16061,  2,         2
   16062,  2,         2
   16063,  2,         2
   16064,  2,         2
   16065,  2,         2
   16170,  2,         2
   16171,  2,         2
   16172,  2,         2
   16173,  2,         2
   16174,  2,         2
   16175,  2,         2
   16176,  2,         2
   16177,  2,         2
   16178,  2,         2
   16179,  2,         2
   16180,  2,         2
   16181,  2,         2
   16182,  2,         2
   16183,  2,         2
   16184,  2,         2
   16185,  2,         2
   16370,  2,         3
   16373,  2,         3
   16374,  2,         3
   16578,  2,         2
   16579,  2,         2
   16580,  2,         2
   16581,  2,         2
   16582,  2,         2
   16583,  2,         2
   16584,  2,         2
   16585,  2,         2
   16586,  2,         2
   16587,  2,         2
   16588,  2,         2
   16589,  2,         2
   16590,  2,         2
   16591,  2,         2
   16592,  2,         2
   16593,  2,         2
   16594,  2,         2
   16595,  2,         2
   16596,  2,         2
   16597,  2,         2
   16598,  2,         2
   16599,  2,         2
   16600,  2,         2
   16601,  2,         2
   16602,  2,         2
   16603,  2,         2
   16604,  2,         2
   16605,  2,         2
   16606,  2,         2
   16607,  2,         2
   16608,  2,         2
   16609,  2,         2
   16610,  2,         2
   16611,  2,         2
   16612,  2,         2
   16613,  2,         2
   16784,  2,         2
   16785,  2,         2
   16786,  2,         2
   16812,  2,         2
   16813,  2,         2
   17030,  2,         3
   17031,  2,         3
   17111,  2,         3
   17112,  2,         3
   17117,  2,         4
   17118,  2,         4
   17231,  2,         4
   17235,  2,         3
   17238,  2,         5
   17240,  2,         5
   17242,  2,         3
   17243,  2,         3
   17244,  2,         3
   17249,  2,         3
   17250,  2,         3
   17251,  2,         3
   17255,  2,         5
   17394,  2,         4
   17405,  2,         2
   17407,  2,         3
   17408,  2,         3
   17411,  2,         3
   17541,  2,         3
   17542,  2,         3
   17545,  2,         3
   17605,  2,         2
   17640,  2,         4
   17641,  2,         2
   17708,  2,         3
   17789,  2,         2
   17790,  2,         3
   17791,  2,         3
   17792,  2,         3
   17977,  2,         3
   17978,  2,         3
   17979,  2,         3
   17986,  2,         3
   17987,  2,         3
   17988,  2,         3
   17995,  2,         3
   17996,  2,         3
   17997,  2,         3
   18004,  2,         3
   18005,  2,         3
   18006,  2,         3
   18245,  2,         2
   18246,  2,         2
   18247,  2,         2
   18248,  2,         2
   18556,  2,         2
   18576,  2,         2
   18577,  2,         2
   18578,  2,         2
   18579,  2,         2
   18580,  2,         2
   18581,  2,         2
   18582,  2,         2
   18583,  2,         2
   18584,  2,         2
   18588,  2,         2
   18589,  2,         2
   18590,  2,         2
   18591,  2,         2
   18592,  2,         2
   18593,  2,         2
   18649,  2,         2
   18685,  2,         2
   18686,  2,         2
   18712,  2,         3
   18713,  2,         3
   18714,  2,         3
   18721,  2,         2
   18747,  2,         3
   18748,  2,         3
   18749,  2,         3
   18759,  2,         3
   18760,  2,         3
   18761,  2,         3
   18762,  2,         3
   18892,  2,         2
   18893,  2,         2
   18894,  2,         2
   18895,  2,         2
   18896,  2,         2
   18897,  2,         2
   18898,  2,         2
   18899,  2,         2
   18900,  2,         2
   18998,  2,         2
   18999,  2,         2
   19000,  2,         2
   19001,  2,         2
   19002,  2,         2
   19003,  2,         2
   19004,  2,         2
   19005,  2,         2
   19006,  2,         2
   19007,  2,         2
   19008,  2,         2
   19009,  2,         2
   19010,  2,         2
   19011,  2,         2
   19012,  2,         2
   19013,  2,         2
   19014,  2,         2
   19015,  2,         2
   19271,  2,         2
   19272,  2,         2
   19273,  2,         2
   19274,  2,         2
   19275,  2,         2
   19276,  2,         2
   19277,  2,         2
   19278,  2,         2
   19279,  2,         2
   19937,  2,         2
   20145,  2,         2
   20146,  2,         2
   20408,  2,         2
   20409,  2,         2
   20410,  2,         2
   20411,  2,         2
   20412,  2,         2
   20413,  2,         2
   20414,  2,         2
   20415,  2,         2
   20416,  2,         2
   20432,  2,         2
   20433,  2,         2
   20434,  2,         2
   20796,  2,         2
   20797,  2,         2
   20798,  2,         2
   20799,  2,         2
   20800,  2,         2
   20801,  2,         2
   20802,  2,         2
   20803,  2,         2
   20804,  2,         2
   20805,  2,         2
   20806,  2,         2
   20807,  2,         2
   20808,  2,         2
   20809,  2,         2
   20810,  2,         2
   20811,  2,         2
   20812,  2,         2
   20813,  2,         2
   20814,  2,         2
   20815,  2,         2
   20816,  2,         2
   20817,  2,         2
   20818,  2,         2
   20819,  2,         2
   20820,  2,         2
   20821,  2,         2
   20822,  2,         2
   20823,  2,         2
   20950,  2,         2
   20951,  2,         2
   20952,  2,         2
   20953,  2,         2
   20954,  2,         2
   20955,  2,         2
   20956,  2,         2
   20957,  2,         2
   20958,  2,         2
   20962,  2,         2
   20963,  2,         2
   20992,  2,         2
   20993,  2,         2
   20994,  2,         2
   20995,  2,         2
   21006,  2,         2
   21007,  2,         2
   21008,  2,         2
   21009,  2,         2
   21010,  2,         2
   21011,  2,         2
   21012,  2,         2
   21013,  2,         2
   21014,  2,         2
   21017,  2,         3
   21018,  2,         2
   21019,  2,         2
   21020,  2,         3
   21021,  2,         2
   21022,  2,         2
   21023,  2,         3
   21031,  2,         3
   21035,  2,         3
   21039,  2,         3
   21040,  2,         3
   21041,  2,         3
   21042,  2,         3
   21043,  2,         4
   21044,  2,         2
   21045,  2,         2
   21046,  2,         2
   21048,  2,         2
   21049,  2,         2
   21050,  2,         2
   21052,  2,         2
   21053,  2,         2
   21054,  2,         2
   21060,  2,         2
   21061,  2,         2
   21062,  2,         2
   21063,  2,         3
   21064,  2,         2
   21065,  2,         2
   21066,  2,         2
   21067,  2,         3
   21068,  2,         2
   21069,  2,         2
   21070,  2,         2
   21071,  2,         3
   21072,  2,         2
   21073,  2,         2
   21074,  2,         2
   21075,  2,         3
   21178,  2,         2
   21179,  2,         2
   21180,  2,         2
   21181,  2,         2
   21182,  2,         2
   21183,  2,         2
   21184,  2,         2
   21185,  2,         2
   21186,  2,         2
   21444,  2,         3
   21448,  2,         3
   21452,  2,         3
   21456,  2,         3
   21457,  2,         3
   21458,  2,         3
   21459,  2,         3
   21460,  2,         3
   21461,  2,         3
   21505,  2,         4
    6518,  2,        10
    6519,  2,         8
    6520,  2,         9
    6533,  2,         9
    6597,  2,        10
    6598,  2,         8
    6599,  2,         7
    6600,  2,         7
    6601,  2,         7
    6602,  2,         7
    6603,  2,         7
    6604,  2,         9
    6686,  2,         9
    6687,  2,         7
    6688,  2,         7
    6689,  2,         7
    6690,  2,         7
    6691,  2,         7
    6692,  2,         7
    6693,  2,         7
    6694,  2,         7
    6795,  2,         9
    9087,  2,         6
    9088,  2,         6
    9089,  2,         6
    9090,  2,         6
    9091,  2,         6
    9128,  2,         7
    9135,  2,         7
    9136,  2,         7
    9137,  2,         7
    9138,  2,         7
    9139,  2,         7
    9141,  2,         6
    9142,  2,         6
    9143,  2,         6
    9144,  2,         6
    9145,  2,         6
    9146,  2,         8
    9147,  2,         6
    9148,  2,         6
    9149,  2,         6
    9150,  2,         6
    9151,  2,         6
    9152,  2,         6
    9182,  2,        10
    9188,  2,        10
    9194,  2,         8
   10374,  2,         4
   10375,  2,         4
   10376,  2,         4
   10383,  2,         4
   10384,  2,         4
   10385,  2,         4
   10452,  2,         3
   10453,  2,         3
   10454,  2,         3
   10461,  2,         3
   10462,  2,         3
   10463,  2,         3
   10470,  2,         3
   10471,  2,         3
   10472,  2,         3
   10673,  2,         6
   10675,  2,         6
   10676,  2,         6
   10708,  2,         2
   10709,  2,         2
   10710,  2,         2
   10884,  2,         6
   10885,  2,         6
   10886,  2,         9
   10887,  2,         7
   10888,  2,         7
   10893,  2,         6
   10894,  2,         6
   10895,  2,         8
   10896,  2,         6
   10897,  2,         6
   10898,  2,         8
   10899,  2,         7
   10900,  2,         7
   10901,  2,         9
   10904,  2,         7
   10907,  2,         7
   10910,  2,         9
   10984,  2,         3
   10990,  2,         2
   10991,  2,         2
   10992,  2,         2
   10993,  2,         2
   10994,  2,         2
   10995,  2,         2
   10996,  2,         2
   10997,  2,         2
   10998,  2,         2
   11325,  2,         7
   11326,  2,         7
   11327,  2,         7
   11328,  2,         7
   11329,  2,         7
   11330,  2,         7
   11331,  2,         6
   11332,  2,         6
   11333,  2,         8
   11334,  2,         6
   11335,  2,         6
   11336,  2,         8
   11337,  2,         6
   11338,  2,         6
   11339,  2,         8
   11343,  2,         7
   11347,  2,         8
   11351,  2,         8
   11355,  2,         8
   11460,  2,         2
   11464,  2,         3
   11467,  2,         2
   11468,  2,         2
   11469,  2,         2
   11470,  2,         2
   11471,  2,         2
   11472,  2,         2
   11473,  2,         2
   11474,  2,         2
   11475,  2,         2
   11918,  2,         6
   11919,  2,         6
   11920,  2,         6
   11921,  2,         6
   11922,  2,         6
   11923,  2,         6
   11924,  2,         6
   11925,  2,         6
   11926,  2,         6
   11927,  2,         5
   11928,  2,         5
   11929,  2,         5
   11930,  2,         8
   11931,  2,         5
   11932,  2,         5
   11933,  2,         5
   11934,  2,         8
   11935,  2,         6
   11936,  2,         6
   11937,  2,         6
   11938,  2,         8
   11939,  2,         6
   11940,  2,         6
   11941,  2,         6
   11942,  2,         8
   11946,  2,         8
   11950,  2,         8
   11954,  2,         8
   12384,  2,         7
   12385,  2,         7
   12386,  2,         7
   12511,  2,         6
   12512,  2,         6
   12513,  2,         6
   12514,  2,         6
   12515,  2,         6
   12516,  2,         6
   12517,  2,         6
   12518,  2,         6
   12519,  2,         6
   12625,  2,         6
   12626,  2,         6
   12627,  2,         6
   12697,  2,         2
   12698,  2,         2
   12935,  2,         2
   12936,  2,         2
   12937,  2,         2
   12938,  2,         2
   12939,  2,         2
   13057,  2,         5
   13058,  2,         5
   13059,  2,         5
   13060,  2,         6
   13061,  2,         6
   13062,  2,         6
   13063,  2,         7
   13064,  2,         7
   13065,  2,         8
   13178,  2,         6
   13179,  2,         6
   13181,  2,         6
   13182,  2,         6
   13184,  2,         7
   13185,  2,         7
   13375,  2,         6
   13376,  2,         6
   13377,  2,         6
   13379,  2,         6
   13380,  2,         6
   13381,  2,         6
   13383,  2,         6
   13384,  2,         6
   13385,  2,         6
   13387,  2,         7
   13388,  2,         7
   13389,  2,         7
   13390,  2,         9
   13749,  2,         7
   13750,  2,         7
   13751,  2,         7
   13753,  2,         7
   13754,  2,         7
   13755,  2,         7
   13757,  2,         7
   13758,  2,         7
   13759,  2,         7
   13761,  2,         6
   13762,  2,         6
   13763,  2,         6
   13764,  2,         8
   13765,  2,         6
   13766,  2,         6
   13767,  2,         6
   13768,  2,         8
   13769,  2,         6
   13770,  2,         6
   13771,  2,         6
   13772,  2,         6
   13773,  2,         6
   13774,  2,         6
   13775,  2,         6
   13776,  2,         6
   13785,  2,         6
   13786,  2,         6
   13787,  2,         6
   13788,  2,         6
   13789,  2,         6
   13790,  2,         6
   13791,  2,         6
   13792,  2,         6
   14306,  2,         2
   14307,  2,         2
   14308,  2,         2
   14309,  2,         2
   14310,  2,         2
   14311,  2,         2
   14312,  2,         2
   14313,  2,         2
   14314,  2,         2
   14315,  2,         2
   14316,  2,         2
   14317,  2,         2
   14318,  2,         2
   14319,  2,         2
   14320,  2,         2
   14321,  2,         2
   14322,  2,         2
   14323,  2,         2
   14324,  2,         2
   14325,  2,         2
   14326,  2,         2
   14327,  2,         2
   14328,  2,         2
   14329,  2,         2
   14330,  2,         2
   14416,  2,         8
   14417,  2,         7
   14418,  2,         7
   14419,  2,         6
   14420,  2,         6
   14421,  2,         6
   14422,  2,         8
   14423,  2,         6
   14424,  2,         6
   14425,  2,         6
   14426,  2,         8
   14427,  2,         6
   14428,  2,         6
   14429,  2,         6
   14430,  2,         6
   14435,  2,         5
   14436,  2,         5
   14437,  2,         5
   14438,  2,         5
   14439,  2,         5
   14440,  2,         5
   14441,  2,         5
   14442,  2,         5
   14443,  2,         5
   14444,  2,         5
   14445,  2,         5
   14446,  2,         5
   14447,  2,         5
   14448,  2,         5
   14449,  2,         5
   14450,  2,         5
   14451,  2,         5
   14452,  2,         5
   14453,  2,         5
   14454,  2,         5
   14455,  2,         6
   14456,  2,         6
   14457,  2,         6
   14458,  2,         6
   14459,  2,         6
   14460,  2,         6
   14461,  2,         6
   14462,  2,         6
   14463,  2,         6
   14464,  2,         6
   14465,  2,         6
   14466,  2,         6
   14819,  2,         3
   14820,  2,         3
   14821,  2,         3
   14822,  2,         3
   15146,  2,         6
   15147,  2,         6
   15148,  2,         6
   15149,  2,         6
   15150,  2,         6
   15151,  2,         6
   15180,  2,         5
   15181,  2,         5
   15182,  2,         5
   15183,  2,         5
   15184,  2,         5
   15185,  2,         5
   15186,  2,         5
   15187,  2,         5
   15188,  2,         5
   15189,  2,         5
   15190,  2,         5
   15191,  2,         5
   15192,  2,         5
   15193,  2,         5
   15194,  2,         5
   15195,  2,         5
   16378,  2,         5
   16379,  2,         5
   16490,  2,         3
   16913,  2,         2
   16914,  2,         2
   16915,  2,         2
   16952,  2,         4
   16981,  2,         4
   16982,  2,         4
   16983,  2,         4
   17033,  2,         4
   17034,  2,         4
   17035,  2,         4
   17036,  2,         4
   17037,  2,         4
   17038,  2,         3
   17039,  2,         4
   17040,  2,         4
   17109,  2,         4
   17110,  2,         4
   17115,  2,         3
   17116,  2,         3
   17119,  2,         3
   17120,  2,         3
   17121,  2,         4
   17122,  2,         5
   17123,  2,         3
   17124,  2,         3
   17125,  2,         4
   17126,  2,         5
   17230,  2,         5
   17239,  2,         5
   17241,  2,         5
   17252,  2,         3
   17253,  2,         4
   17254,  2,         4
   17256,  2,         4
   17257,  2,         4
   17258,  2,         4
   17259,  2,         5
   17263,  2,         5
   17349,  2,         2
   17350,  2,         2
   17409,  2,         3
   17410,  2,         3
   17413,  2,         3
   17414,  2,         4
   17418,  2,         5
   17495,  2,         2
   17496,  2,         2
   17544,  2,         3
   17546,  2,         3
   17547,  2,         3
   17548,  2,         3
   17551,  2,         3
   17552,  2,         3
   17602,  2,         2
   17603,  2,         2
   17604,  2,         2
   17638,  2,         6
   17639,  2,         6
   17642,  2,         3
   17643,  2,         3
   17644,  2,         3
   17645,  2,         3
   17646,  2,         3
   17648,  2,         3
   17649,  2,         3
   17652,  2,         3
   17653,  2,         2
   17654,  2,         3
   17655,  2,         2
   17656,  2,         2
   17675,  2,         3
   17709,  2,         2
   17710,  2,         3
   17711,  2,         3
   17712,  2,         3
   17713,  2,         2
   17714,  2,         2
   17715,  2,         2
   17716,  2,         2
   17717,  2,         2
   17718,  2,         2
   17749,  2,         2
   17750,  2,         2
   17751,  2,         2
   17787,  2,         2
   17788,  2,         2
   17793,  2,         3
   17794,  2,         3
   17795,  2,         3
   17796,  2,         2
   17797,  2,         2
   17798,  2,         2
   17799,  2,         3
   17800,  2,         3
   17801,  2,         3
   17802,  2,         2
   17803,  2,         2
   17804,  2,         2
   17805,  2,         2
   17806,  2,         2
   17807,  2,         2
   17808,  2,         3
   17809,  2,         3
   17950,  2,         3
   17951,  2,         3
   17952,  2,         3
   17959,  2,         3
   17960,  2,         3
   17961,  2,         3
   17962,  2,         2
   17963,  2,         2
   17964,  2,         2
   17965,  2,         2
   17966,  2,         2
   17967,  2,         2
   17968,  2,         3
   17969,  2,         3
   17970,  2,         3
   17971,  2,         3
   17972,  2,         3
   17973,  2,         3
   17974,  2,         2
   17975,  2,         2
   17976,  2,         2
   17980,  2,         3
   17981,  2,         3
   17982,  2,         3
   17983,  2,         2
   17984,  2,         2
   17985,  2,         2
   17989,  2,         3
   17990,  2,         3
   17991,  2,         3
   17992,  2,         2
   17993,  2,         2
   17994,  2,         2
   17998,  2,         3
   17999,  2,         3
   18000,  2,         3
   18001,  2,         2
   18002,  2,         2
   18003,  2,         2
   18007,  2,         3
   18008,  2,         3
   18009,  2,         3
   18010,  2,         2
   18011,  2,         2
   18012,  2,         2
   18013,  2,         3
   18014,  2,         3
   18015,  2,         3
   18016,  2,         3
   18017,  2,         3
   18018,  2,         3
   18019,  2,         3
   18020,  2,         3
   18029,  2,         3
   18030,  2,         3
   18031,  2,         3
   18249,  2,         2
   18250,  2,         2
   18251,  2,         2
   18252,  2,         2
   18271,  2,         3
   18272,  2,         3
   18273,  2,         3
   18280,  2,         3
   18281,  2,         3
   18282,  2,         3
   18289,  2,         3
   18290,  2,         3
   18291,  2,         3
   18298,  2,         3
   18299,  2,         3
   18300,  2,         3
   18307,  2,         3
   18308,  2,         3
   18309,  2,         3
   18316,  2,         3
   18317,  2,         3
   18318,  2,         3
   18319,  2,         3
   18320,  2,         3
   18321,  2,         3
   18322,  2,         3
   18323,  2,         3
   18332,  2,         3
   18333,  2,         3
   18334,  2,         3
   18335,  2,         3
   18552,  2,         2
   18553,  2,         2
   18678,  2,         3
   18680,  2,         2
   18681,  2,         2
   18682,  2,         2
   18683,  2,         2
   18684,  2,         2
   18750,  2,         3
   18751,  2,         3
   18752,  2,         3
   18765,  2,         3
   18766,  2,         3
   18767,  2,         3
   20435,  2,         2
   20436,  2,         2
   20437,  2,         2
   20438,  2,         2
   20439,  2,         2
   20440,  2,         2
   20441,  2,         2
   20442,  2,         2
   20443,  2,         2
   20828,  2,         2
   20829,  2,         2
   20830,  2,         2
   20831,  2,         2
   20832,  2,         2
   20833,  2,         2
   20834,  2,         2
   20835,  2,         2
   20836,  2,         2
   20837,  2,         2
   20838,  2,         2
   20839,  2,         2
   20854,  2,         3
   20860,  2,         3
   20866,  2,         3
   20872,  2,         3
   20878,  2,         3
   20884,  2,         3
   21024,  2,         3
   21025,  2,         3
   21026,  2,         3
   21027,  2,         5
   21030,  2,         3
   21034,  2,         3
   21038,  2,         3
   21047,  2,         3
   21051,  2,         3
   21055,  2,         3
   21090,  2,         3
   21097,  2,         3
   21104,  2,         3
   21111,  2,         3
   21208,  2,         3
   21209,  2,         3
   21462,  2,         4
   21463,  2,         4
   21464,  2,         4
   21465,  2,         4
   21466,  2,         4
   21467,  2,         4
   21468,  2,         4
   21469,  2,         4
   21470,  2,         4
   21503,  2,         2
   21504,  2,         2
    1661,  2,         2
    1662,  2,         2
    1663,  2,         2
    1664,  2,         2
    1665,  2,         2
    1666,  2,         2
    1667,  2,         2
    1668,  2,         2
    1669,  2,         2
    6510,  2,        14
   10478,  2,         3
   10889,  2,        10
   10890,  2,         8
   10891,  2,         8
   11322,  2,         7
   11323,  2,         7
   11324,  2,        10
   11951,  2,         7
   11952,  2,         7
   11953,  2,         7
   11955,  2,         7
   11956,  2,         7
   11957,  2,         7
   11958,  2,         7
   12378,  2,         6
   12379,  2,         6
   12380,  2,         6
   12381,  2,         6
   12382,  2,         6
   12383,  2,         6
   12628,  2,         6
   12629,  2,         6
   12630,  2,         6
   12631,  2,         7
   12632,  2,         7
   12633,  2,         7
   12857,  2,         6
   12858,  2,         6
   12859,  2,         6
   12860,  2,         7
   12861,  2,         7
   12862,  2,         7
   12863,  2,         7
   12864,  2,         7
   12865,  2,         7
   13048,  2,         8
   13049,  2,         8
   13051,  2,         8
   13052,  2,         8
   13054,  2,         8
   13055,  2,         8
   13066,  2,         7
   13067,  2,         7
   13068,  2,         7
   13069,  2,         7
   13070,  2,         7
   13071,  2,         7
   13072,  2,         7
   13073,  2,         7
   13074,  2,         7
   13169,  2,         8
   13170,  2,         8
   13172,  2,         8
   13173,  2,         8
   13175,  2,         8
   13176,  2,         8
   13180,  2,         9
   13183,  2,         9
   13186,  2,         9
   13187,  2,         7
   13188,  2,         7
   13189,  2,         7
   13190,  2,         9
   13191,  2,         7
   13192,  2,         7
   13193,  2,         7
   13194,  2,         9
   13195,  2,         7
   13196,  2,         7
   13197,  2,         7
   13198,  2,         9
   13199,  2,         7
   13200,  2,         7
   13201,  2,         7
   13202,  2,         9
   13359,  2,         7
   13360,  2,         7
   13361,  2,        10
   13363,  2,         7
   13364,  2,         7
   13365,  2,        10
   13367,  2,         7
   13368,  2,         7
   13369,  2,         9
   13371,  2,         7
   13372,  2,         7
   13373,  2,         7
   13378,  2,         9
   13382,  2,         9
   13386,  2,         9
   13391,  2,         6
   13392,  2,         6
   13393,  2,         6
   13394,  2,         6
   13395,  2,         7
   13396,  2,         7
   13397,  2,         7
   13398,  2,         7
   13399,  2,         7
   13400,  2,         7
   13401,  2,         7
   13402,  2,         7
   13403,  2,         7
   13404,  2,         7
   13405,  2,         7
   13406,  2,         7
   13742,  2,         9
   13745,  2,         7
   13746,  2,         7
   13747,  2,         7
   13752,  2,         9
   13756,  2,         9
   13760,  2,         9
   13777,  2,         6
   13778,  2,         6
   13779,  2,         6
   13780,  2,         6
   13781,  2,         6
   13782,  2,         6
   13783,  2,         6
   13784,  2,         6
   13808,  2,         8
   14001,  2,         3
   14002,  2,         3
   14003,  2,         3
   14004,  2,         3
   14410,  2,         8
   14413,  2,         8
   14414,  2,         7
   14415,  2,         7
   14691,  2,         3
   14692,  2,         3
   14693,  2,         3
   14694,  2,         3
   16927,  2,         5
   16978,  2,         5
   16979,  2,         6
   16980,  2,         5
   17032,  2,         4
   17106,  2,         5
   17107,  2,         4
   17108,  2,         4
   17130,  2,         5
   17234,  2,         6
   17237,  2,         6
   17261,  2,         5
   17262,  2,         4
   17267,  2,         5
   17412,  2,         3
   17415,  2,         3
   17416,  2,         4
   17417,  2,         4
   17421,  2,         4
   17422,  2,         5
   17486,  2,         2
   17487,  2,         2
   17488,  2,         2
   17489,  2,         2
   17490,  2,         2
   17491,  2,         2
   17492,  2,         2
   17493,  2,         2
   17494,  2,         2
   17549,  2,         3
   17550,  2,         3
   17556,  2,         3
   17557,  2,         3
   17558,  2,         3
   17559,  2,         3
   17560,  2,         3
   17561,  2,         3
   17568,  2,         3
   17569,  2,         3
   17570,  2,         3
   17577,  2,         3
   17578,  2,         3
   17579,  2,         3
   17586,  2,         3
   17587,  2,         3
   17588,  2,         3
   17595,  2,         3
   17596,  2,         3
   17597,  2,         3
   17598,  2,         2
   17599,  2,         2
   17600,  2,         2
   17601,  2,         2
   17647,  2,         2
   17650,  2,         2
   17651,  2,         2
   17676,  2,         2
   17677,  2,         3
   17678,  2,         3
   17690,  2,         2
   17691,  2,         2
   17692,  2,         2
   17693,  2,         2
   17694,  2,         2
   17695,  2,         2
   17696,  2,         2
   17697,  2,         2
   17698,  2,         2
   17785,  2,         2
   17786,  2,         2
   17810,  2,         2
   17811,  2,         2
   17812,  2,         3
   17813,  2,         2
   17814,  2,         2
   17903,  2,         3
   17906,  2,         3
   17941,  2,         3
   17942,  2,         3
   17943,  2,         3
   17944,  2,         2
   17945,  2,         2
   17946,  2,         2
   17947,  2,         2
   17948,  2,         2
   17949,  2,         2
   17953,  2,         2
   17954,  2,         2
   17955,  2,         2
   17956,  2,         2
   17957,  2,         2
   17958,  2,         2
   18021,  2,         2
   18022,  2,         2
   18023,  2,         2
   18024,  2,         2
   18025,  2,         2
   18026,  2,         2
   18027,  2,         2
   18028,  2,         2
   18032,  2,         3
   18033,  2,         3
   18034,  2,         3
   18035,  2,         2
   18036,  2,         2
   18037,  2,         2
   18038,  2,         3
   18039,  2,         3
   18040,  2,         3
   18041,  2,         2
   18042,  2,         2
   18043,  2,         2
   18044,  2,         2
   18045,  2,         2
   18046,  2,         2
   18047,  2,         3
   18048,  2,         3
   18049,  2,         3
   18050,  2,         3
   18051,  2,         3
   18253,  2,         2
   18254,  2,         2
   18255,  2,         2
   18256,  2,         2
   18257,  2,         2
   18258,  2,         2
   18259,  2,         2
   18260,  2,         2
   18261,  2,         2
   18262,  2,         2
   18263,  2,         2
   18264,  2,         2
   18265,  2,         2
   18266,  2,         2
   18267,  2,         2
   18268,  2,         2
   18269,  2,         2
   18270,  2,         2
   18274,  2,         2
   18275,  2,         2
   18276,  2,         2
   18277,  2,         2
   18278,  2,         2
   18279,  2,         2
   18283,  2,         2
   18284,  2,         2
   18285,  2,         2
   18286,  2,         2
   18287,  2,         2
   18288,  2,         2
   18292,  2,         2
   18293,  2,         2
   18294,  2,         2
   18295,  2,         2
   18296,  2,         2
   18297,  2,         2
   18301,  2,         3
   18302,  2,         3
   18303,  2,         3
   18304,  2,         2
   18305,  2,         2
   18306,  2,         2
   18310,  2,         3
   18311,  2,         3
   18312,  2,         3
   18313,  2,         2
   18314,  2,         2
   18315,  2,         2
   18324,  2,         3
   18325,  2,         3
   18326,  2,         3
   18327,  2,         3
   18328,  2,         2
   18329,  2,         2
   18330,  2,         2
   18331,  2,         2
   18336,  2,         3
   18337,  2,         3
   18338,  2,         3
   18339,  2,         3
   18340,  2,         3
   18341,  2,         3
   18342,  2,         3
   18343,  2,         3
   18348,  2,         3
   18349,  2,         3
   18350,  2,         3
   18351,  2,         3
   18352,  2,         3
   18353,  2,         3
   18354,  2,         3
   18355,  2,         3
   18356,  2,         3
   18357,  2,         3
   18373,  2,         3
   18374,  2,         3
   18375,  2,         3
   18376,  2,         3
   18377,  2,         3
   18378,  2,         3
   18585,  2,         3
   18586,  2,         3
   18587,  2,         3
   18594,  2,         3
   18595,  2,         3
   18596,  2,         3
   18597,  2,         3
   18598,  2,         3
   18599,  2,         3
   18671,  2,         3
   18672,  2,         3
   18673,  2,         3
   18706,  2,         4
   18707,  2,         3
   18708,  2,         3
   18709,  2,         3
   18764,  2,         5
   18828,  2,         4
   20703,  2,         3
   20706,  2,         3
   20709,  2,         3
   20780,  2,         3
   20784,  2,         3
   20788,  2,         3
   21028,  2,         2
   21029,  2,         2
   21032,  2,         2
   21033,  2,         2
   21036,  2,         2
   21037,  2,         2
   21471,  2,         6
   21477,  2,         2
   21478,  2,         2
   21479,  2,         4
   21480,  2,         3
   21481,  2,         3
   21482,  2,         3
   21483,  2,         3
   21484,  2,         4
   21485,  2,         4
   21486,  2,         4
   21487,  2,         4
   21488,  2,         4
   21489,  2,         8
   21490,  2,         4
   21491,  2,         8
   21492,  2,         4
   21493,  2,         9
   21494,  2,         4
   21495,  2,         5
   21496,  2,         5
   21497,  2,         6
   21498,  2,         6
   21499,  2,         4
   21500,  2,         4
   21501,  2,         4
   21502,  2,         4
    9875,  2,         3
    9876,  2,         3
    9877,  2,         3
    9878,  2,         3
    9879,  2,         3
    9900,  2,         3
    9901,  2,         3
    9902,  2,         3
    9903,  2,         3
    9904,  2,         3
    9925,  2,         3
    9926,  2,         3
    9927,  2,         3
    9928,  2,         3
    9929,  2,         3
    9950,  2,         3
    9951,  2,         3
    9952,  2,         3
    9953,  2,         3
    9954,  2,         3
   10476,  2,         2
   10477,  2,         2
   10479,  2,         2
   10480,  2,         3
   13206,  2,         9
   13210,  2,         9
   13214,  2,         9
   13218,  2,         9
   13341,  2,        12
   13410,  2,         8
   13414,  2,         8
   13418,  2,         9
   13422,  2,         9
   13726,  2,        16
   13727,  2,        12
   13728,  2,        12
   13748,  2,        10
   13796,  2,         8
   13800,  2,        11
   13804,  2,        11
   14005,  2,         2
   14006,  2,         2
   14007,  2,         2
   14008,  2,         2
   14009,  2,         2
   14010,  2,         2
   14011,  2,         2
   14012,  2,         2
   14013,  2,         2
   14014,  2,         2
   14015,  2,         2
   14016,  2,         2
   14727,  2,         3
   14728,  2,         3
   14729,  2,         3
   14730,  2,         3
   14731,  2,         3
   14732,  2,         3
   14733,  2,         3
   14734,  2,         3
   14735,  2,         2
   14736,  2,         2
   14737,  2,         2
   14738,  2,         2
   14759,  2,         3
   14760,  2,         3
   14761,  2,         3
   14762,  2,         3
   14763,  2,         3
   14764,  2,         3
   14765,  2,         3
   14766,  2,         3
   14767,  2,         2
   14768,  2,         2
   14769,  2,         2
   14770,  2,         2
   14775,  2,         3
   14776,  2,         3
   14777,  2,         3
   14778,  2,         3
   14779,  2,         3
   14780,  2,         3
   14781,  2,         3
   14782,  2,         3
   14783,  2,         2
   14784,  2,         2
   14785,  2,         2
   14786,  2,         2
   15436,  2,         3
   15437,  2,         3
   15438,  2,         3
   15439,  2,         3
   17026,  2,         7
   17027,  2,         6
   17028,  2,         6
   17129,  2,         5
   17260,  2,         4
   17265,  2,         5
   17429,  2,         4
   17430,  2,         4
   17431,  2,         6
   17553,  2,         3
   17554,  2,         3
   17555,  2,         3
   17565,  2,         3
   17566,  2,         3
   17567,  2,         3
   17637,  2,         9
   17681,  2,         3
   17682,  2,         3
   17683,  2,         3
   17699,  2,         2
   17700,  2,         2
   17701,  2,         2
   17702,  2,         2
   17703,  2,         2
   17704,  2,         2
   17705,  2,         2
   17706,  2,         2
   17707,  2,         2
   17782,  2,         3
   17783,  2,         2
   17784,  2,         2
   17909,  2,         3
   17932,  2,         3
   17933,  2,         3
   17934,  2,         3
   17935,  2,         2
   17936,  2,         2
   17937,  2,         2
   17938,  2,         2
   17939,  2,         2
   17940,  2,         2
   18052,  2,         4
   18053,  2,         3
   18054,  2,         3
   18055,  2,         3
   18056,  2,         3
   18057,  2,         3
   18058,  2,         3
   18059,  2,         3
   18060,  2,         3
   18061,  2,         3
   18062,  2,         2
   18063,  2,         2
   18064,  2,         2
   18065,  2,         2
   18066,  2,         2
   18067,  2,         2
   18068,  2,         2
   18069,  2,         2
   18070,  2,         2
   18071,  2,         2
   18344,  2,         4
   18345,  2,         3
   18346,  2,         3
   18347,  2,         3
   18358,  2,         4
   18359,  2,         3
   18360,  2,         3
   18361,  2,         3
   18362,  2,         3
   18363,  2,         4
   18364,  2,         3
   18365,  2,         3
   18366,  2,         3
   18367,  2,         3
   18379,  2,         3
   18380,  2,         3
   18381,  2,         3
   18382,  2,         3
   18383,  2,         3
   18384,  2,         3
   18386,  2,         3
   18387,  2,         3
   18388,  2,         3
   18389,  2,         3
   18390,  2,         3
   18409,  2,         3
   18410,  2,         3
   18411,  2,         3
   18412,  2,         3
   18413,  2,         3
   18414,  2,         3
   18445,  2,         5
   18446,  2,         3
   18447,  2,         3
   18448,  2,         3
   18449,  2,         3
   18450,  2,         3
   18451,  2,         3
   18494,  2,         3
   18495,  2,         3
   18496,  2,         3
   18497,  2,         3
   18498,  2,         3
   18499,  2,         3
   18554,  2,         5
   18555,  2,         5
   18600,  2,         3
   18601,  2,         3
   18602,  2,         3
   18603,  2,         3
   18604,  2,         3
   18605,  2,         3
   18606,  2,         3
   18607,  2,         3
   18608,  2,         3
   18770,  2,         3
   18771,  2,         3
   18772,  2,         3
   18778,  2,         4
   18787,  2,         3
   18788,  2,         3
   18789,  2,         3
   18790,  2,         3
   18791,  2,         3
   19451,  2,         2
   19452,  2,         2
   19453,  2,         2
   20701,  2,         2
   20702,  2,         2
   20704,  2,         2
   20705,  2,         2
   20707,  2,         2
   20708,  2,         2
   21015,  2,         3
   21016,  2,         3
   21118,  2,         5
   21212,  2,         4
   21215,  2,         4
   21218,  2,         4
   21407,  2,         5
   21432,  2,         3
   21433,  2,         3
   21434,  2,         4
   21443,  2,         3
   21447,  2,         3
   21451,  2,         3
   21455,  2,         3
   21472,  2,        12
    9850,  2,         3
    9851,  2,         3
    9852,  2,         3
    9853,  2,         3
    9854,  2,         3
    9975,  2,         3
    9976,  2,         3
    9977,  2,         3
    9978,  2,         3
    9979,  2,         3
   10000,  2,         3
   10001,  2,         3
   10002,  2,         3
   10003,  2,         3
   10004,  2,         3
   10438,  2,         4
   10439,  2,         4
   10440,  2,         4
   10441,  2,         4
   10467,  2,         3
   10468,  2,         3
   10469,  2,         3
   10473,  2,         2
   10474,  2,         3
   10483,  2,         3
   10484,  2,         3
   11947,  2,        10
   11948,  2,        10
   11949,  2,        10
   12699,  2,         2
   12700,  2,         2
   12701,  2,         2
   12702,  2,         2
   12703,  2,         2
   12704,  2,         2
   12705,  2,         2
   12706,  2,         2
   12707,  2,         2
   12940,  2,         2
   12941,  2,         2
   12942,  2,         2
   12943,  2,         2
   13340,  2,        13
   14711,  2,         3
   14712,  2,         3
   14713,  2,         3
   14714,  2,         3
   14715,  2,         3
   14716,  2,         3
   14717,  2,         3
   14718,  2,         3
   14719,  2,         2
   14720,  2,         2
   14721,  2,         2
   14722,  2,         2
   14743,  2,         3
   14744,  2,         3
   14745,  2,         3
   14746,  2,         3
   14747,  2,         3
   14748,  2,         3
   14749,  2,         3
   14750,  2,         3
   14751,  2,         2
   14752,  2,         2
   14753,  2,         2
   14754,  2,         2
   14799,  2,         3
   14800,  2,         3
   14801,  2,         3
   14802,  2,         3
   14811,  2,         3
   14812,  2,         3
   14813,  2,         3
   14814,  2,         3
   14815,  2,         2
   14816,  2,         2
   14817,  2,         2
   14818,  2,         2
   15420,  2,         3
   15421,  2,         3
   15422,  2,         3
   15423,  2,         3
   17043,  2,         5
   17105,  2,         6
   17127,  2,         4
   17128,  2,         4
   17266,  2,         4
   17276,  2,         5
   17419,  2,         4
   17420,  2,         4
   17679,  2,         2
   17680,  2,         2
   17752,  2,         3
   17753,  2,         3
   17754,  2,         3
   17755,  2,         3
   17756,  2,         2
   17757,  2,         2
   17758,  2,         2
   17759,  2,         2
   17760,  2,         2
   17761,  2,         2
   17762,  2,         2
   17763,  2,         2
   17764,  2,         2
   17765,  2,         2
   17766,  2,         2
   17767,  2,         2
   17768,  2,         3
   17769,  2,         3
   17775,  2,         3
   17776,  2,         2
   17777,  2,         2
   17778,  2,         2
   17779,  2,         2
   17780,  2,         2
   17781,  2,         2
   17861,  2,         2
   17862,  2,         2
   17863,  2,         2
   17864,  2,         2
   17865,  2,         2
   17866,  2,         2
   17867,  2,         2
   17868,  2,         2
   17869,  2,         2
   17870,  2,         2
   17871,  2,         2
   17872,  2,         2
   17873,  2,         2
   17874,  2,         2
   17875,  2,         2
   17876,  2,         2
   17877,  2,         2
   17878,  2,         2
   17879,  2,         2
   17880,  2,         2
   17884,  2,         3
   17888,  2,         3
   17892,  2,         3
   17896,  2,         3
   17897,  2,         3
   17898,  2,         4
   17902,  2,         2
   17904,  2,         2
   17905,  2,         2
   17907,  2,         2
   17908,  2,         2
   17910,  2,         2
   17911,  2,         2
   17912,  2,         2
   17913,  2,         2
   17914,  2,         2
   17915,  2,         2
   17916,  2,         2
   17917,  2,         2
   17918,  2,         2
   17919,  2,         2
   17920,  2,         2
   17921,  2,         2
   17922,  2,         2
   17923,  2,         2
   17924,  2,         2
   17925,  2,         2
   17926,  2,         2
   17927,  2,         2
   17928,  2,         2
   17929,  2,         2
   17930,  2,         2
   17931,  2,         2
   18235,  2,         4
   18368,  2,         4
   18369,  2,         3
   18370,  2,         3
   18371,  2,         3
   18372,  2,         3
   18385,  2,         4
   18391,  2,         4
   18392,  2,         3
   18393,  2,         3
   18394,  2,         3
   18395,  2,         3
   18396,  2,         3
   18398,  2,         5
   18399,  2,         3
   18400,  2,         3
   18401,  2,         3
   18402,  2,         3
   18415,  2,         3
   18416,  2,         3
   18417,  2,         3
   18418,  2,         3
   18419,  2,         3
   18420,  2,         3
   18421,  2,         3
   18422,  2,         3
   18423,  2,         3
   18424,  2,         3
   18425,  2,         3
   18426,  2,         3
   18452,  2,         4
   18453,  2,         3
   18454,  2,         3
   18455,  2,         3
   18456,  2,         3
   18457,  2,         3
   18458,  2,         3
   18500,  2,         3
   18501,  2,         3
   18502,  2,         3
   18503,  2,         3
   18504,  2,         3
   18505,  2,         3
   18533,  2,         4
   18609,  2,         3
   18610,  2,         3
   18611,  2,         3
   19173,  2,         3
   19174,  2,         3
   19175,  2,         3
   19176,  2,         3
   19177,  2,         3
   19178,  2,         3
   20539,  2,         2
   20540,  2,         2
   20541,  2,         2
   20542,  2,         2
   20543,  2,         2
   20544,  2,         2
   20545,  2,         2
   20546,  2,         2
   20547,  2,         2
   20548,  2,         2
   20549,  2,         2
   20550,  2,         2
   20551,  2,         2
   20552,  2,         2
   20553,  2,         2
   20554,  2,         2
   20555,  2,         2
   20556,  2,         2
   20557,  2,         2
   20558,  2,         2
   20559,  2,         2
   20560,  2,         2
   20561,  2,         2
   20562,  2,         2
   20563,  2,         2
   20564,  2,         2
   20565,  2,         2
   20566,  2,         2
   20600,  2,         2
   20601,  2,         2
   20602,  2,         2
   20603,  2,         2
   20604,  2,         2
   20605,  2,         2
   20606,  2,         2
   20607,  2,         2
   20713,  2,         2
   20714,  2,         2
   20715,  2,         3
   20716,  2,         2
   20717,  2,         2
   20718,  2,         3
   20768,  2,         3
   20772,  2,         3
   20785,  2,         2
   20786,  2,         2
   20787,  2,         2
   20789,  2,         2
   20790,  2,         2
   20791,  2,         2
   20824,  2,         3
   20825,  2,         3
   20826,  2,         3
   20827,  2,         3
   20989,  2,         5
   21210,  2,         4
   21211,  2,         4
   21213,  2,         4
   21214,  2,         4
   21216,  2,         4
   21217,  2,         4
   21382,  2,         5
   21383,  2,         5
   21384,  2,         3
   21385,  2,         3
   21386,  2,         3
   21408,  2,         3
   21409,  2,         3
   21410,  2,         3
   21411,  2,         4
   21473,  2,        14
   21474,  2,        14
    5829,  2,        25
    9825,  2,         3
    9826,  2,         3
    9827,  2,         3
    9828,  2,         3
    9829,  2,         3
    9895,  2,         3
    9896,  2,         3
    9897,  2,         3
    9898,  2,         3
    9899,  2,         3
    9920,  2,         3
    9921,  2,         3
    9922,  2,         3
    9923,  2,         3
    9924,  2,         3
   10025,  2,         3
   10026,  2,         3
   10027,  2,         3
   10028,  2,         3
   10029,  2,         3
   10449,  2,         4
   10450,  2,         4
   10451,  2,         4
   10458,  2,         3
   10459,  2,         3
   10460,  2,         3
   10481,  2,         2
   10482,  2,         2
   10711,  2,         2
   10712,  2,         2
   10713,  2,         2
   10714,  2,         2
   10715,  2,         2
   10716,  2,         2
   12836,  2,        18
   14675,  2,         3
   14676,  2,         3
   14677,  2,         3
   14678,  2,         3
   14695,  2,         3
   14696,  2,         3
   14697,  2,         3
   14698,  2,         3
   14699,  2,         3
   14700,  2,         3
   14701,  2,         3
   14702,  2,         3
   14703,  2,         3
   14704,  2,         3
   14705,  2,         3
   14706,  2,         3
   14791,  2,         3
   14792,  2,         3
   14793,  2,         3
   14794,  2,         3
   14795,  2,         3
   14796,  2,         3
   14797,  2,         3
   14798,  2,         3
   14807,  2,         3
   14808,  2,         3
   14809,  2,         3
   14810,  2,         3
   14823,  2,         3
   14824,  2,         3
   14825,  2,         3
   14826,  2,         3
   14827,  2,         3
   14828,  2,         3
   14829,  2,         3
   14830,  2,         3
   14831,  2,         2
   14832,  2,         2
   14833,  2,         2
   14834,  2,         2
   15404,  2,         3
   15405,  2,         3
   15406,  2,         3
   15407,  2,         3
   15424,  2,         3
   15425,  2,         3
   15426,  2,         3
   15427,  2,         3
   15428,  2,         3
   15429,  2,         3
   15430,  2,         3
   15431,  2,         3
   15432,  2,         3
   15433,  2,         3
   15434,  2,         3
   15435,  2,         3
   15440,  2,         3
   15441,  2,         3
   15442,  2,         3
   15443,  2,         3
   15444,  2,         3
   15445,  2,         3
   15446,  2,         3
   15447,  2,         3
   15448,  2,         3
   15449,  2,         3
   15450,  2,         3
   15451,  2,         3
   15472,  2,         3
   15473,  2,         3
   15474,  2,         3
   15475,  2,         3
   15476,  2,         3
   15477,  2,         3
   15478,  2,         3
   15479,  2,         3
   15480,  2,         3
   15481,  2,         3
   15482,  2,         3
   15483,  2,         3
   16951,  2,         7
   16975,  2,         8
   17024,  2,         8
   17025,  2,         9
   17041,  2,         5
   17042,  2,         5
   17102,  2,         8
   17103,  2,         7
   17104,  2,         7
   17264,  2,         4
   17273,  2,         6
   17274,  2,         5
   17275,  2,         5
   17426,  2,         4
   17427,  2,         4
   17428,  2,         4
   17574,  2,         3
   17575,  2,         3
   17576,  2,         3
   17672,  2,        12
   17770,  2,         2
   17771,  2,         3
   17772,  2,         2
   17773,  2,         3
   17774,  2,         2
   17823,  2,         2
   17824,  2,         2
   17825,  2,         2
   17826,  2,         2
   17827,  2,         2
   17828,  2,         2
   17829,  2,         2
   17830,  2,         2
   18072,  2,         6
   18073,  2,         3
   18074,  2,         3
   18075,  2,         3
   18076,  2,         3
   18077,  2,         3
   18078,  2,         3
   18163,  2,         4
   18164,  2,         4
   18165,  2,         4
   18166,  2,         4
   18167,  2,         4
   18168,  2,         5
   18170,  2,         4
   18236,  2,         2
   18237,  2,         5
   18397,  2,         4
   18404,  2,         4
   18405,  2,         3
   18406,  2,         3
   18407,  2,         3
   18408,  2,         3
   18427,  2,         3
   18428,  2,         3
   18429,  2,         3
   18430,  2,         3
   18431,  2,         3
   18432,  2,         3
   18459,  2,         4
   18460,  2,         3
   18461,  2,         3
   18462,  2,         3
   18463,  2,         3
   18464,  2,         3
   18465,  2,         3
   18506,  2,         3
   18507,  2,         3
   18508,  2,         3
   18509,  2,         3
   18510,  2,         3
   18511,  2,         3
   18530,  2,         3
   18531,  2,         3
   18532,  2,         3
   18537,  2,         4
   18612,  2,         4
   18613,  2,         4
   18614,  2,         4
   18615,  2,         4
   18616,  2,         4
   18674,  2,         5
   18675,  2,         3
   18676,  2,         3
   18775,  2,         3
   18776,  2,         3
   18777,  2,         3
   18781,  2,         4
   20147,  2,         2
   20148,  2,         2
   20149,  2,         2
   20150,  2,         2
   20281,  2,         2
   20282,  2,         2
   20283,  2,         2
   20284,  2,         2
   20285,  2,         2
   20286,  2,         2
   20287,  2,         2
   20288,  2,         2
   20289,  2,         2
   20392,  2,         2
   20393,  2,         2
   20394,  2,         2
   20395,  2,         2
   20396,  2,         2
   20397,  2,         2
   20398,  2,         2
   20399,  2,         2
   20400,  2,         2
   20401,  2,         2
   20402,  2,         2
   20403,  2,         2
   20404,  2,         2
   20405,  2,         2
   20406,  2,         2
   20407,  2,         2
   20447,  2,         3
   20448,  2,         2
   20449,  2,         2
   20450,  2,         3
   20451,  2,         2
   20452,  2,         2
   20710,  2,         3
   20711,  2,         3
   20712,  2,         3
   20722,  2,         2
   20723,  2,         2
   20724,  2,         3
   20725,  2,         2
   20726,  2,         2
   20727,  2,         3
   20748,  2,         4
   20752,  2,         3
   20756,  2,         3
   20764,  2,         4
   20765,  2,         3
   20766,  2,         3
   20767,  2,         3
   20769,  2,         2
   20770,  2,         2
   20771,  2,         2
   20773,  2,         2
   20774,  2,         2
   20775,  2,         2
   20781,  2,         3
   20782,  2,         3
   20783,  2,         3
   20792,  2,         3
   20793,  2,         3
   20794,  2,         3
   20795,  2,         3
   20859,  2,         3
   20865,  2,         3
   20871,  2,         3
   20877,  2,         3
   20883,  2,         3
   20986,  2,         4
   21222,  2,         5
   21226,  2,         5
   21230,  2,         5
   21234,  2,         5
   21346,  2,         6
   21412,  2,         5
   21475,  2,        16
    9870,  2,         3
    9871,  2,         3
    9872,  2,         3
    9873,  2,         3
    9874,  2,         3
    9945,  2,         3
    9946,  2,         3
    9947,  2,         3
    9948,  2,         3
    9949,  2,         3
   12708,  2,         2
   12709,  2,         2
   12710,  2,         2
   12711,  2,         2
   12712,  2,         2
   12713,  2,         2
   12714,  2,         4
   12715,  2,         4
   12716,  2,         4
   12805,  2,         4
   12806,  2,         4
   12807,  2,         4
   12944,  2,         2
   12945,  2,         2
   12946,  2,         2
   12947,  2,         2
   12948,  2,         2
   12949,  2,         2
   12971,  2,         2
   12972,  2,         2
   12973,  2,         2
   12974,  2,         2
   12975,  2,         2
   12976,  2,         2
   12998,  2,         2
   12999,  2,         2
   13000,  2,         2
   13001,  2,         2
   13002,  2,         2
   13003,  2,         2
   13004,  2,         2
   13005,  2,         2
   13006,  2,         2
   13007,  2,         2
   13008,  2,         2
   13009,  2,         2
   14679,  2,         3
   14680,  2,         3
   14681,  2,         3
   14682,  2,         3
   14683,  2,         3
   14684,  2,         3
   14685,  2,         3
   14686,  2,         3
   14687,  2,         3
   14688,  2,         3
   14689,  2,         3
   14690,  2,         3
   14835,  2,         3
   14836,  2,         3
   14837,  2,         3
   14838,  2,         3
   14843,  2,         3
   14844,  2,         3
   14845,  2,         3
   14846,  2,         3
   14847,  2,         2
   14848,  2,         2
   14849,  2,         2
   14850,  2,         2
   15408,  2,         3
   15409,  2,         3
   15410,  2,         3
   15411,  2,         3
   15412,  2,         3
   15413,  2,         3
   15414,  2,         3
   15415,  2,         3
   15416,  2,         3
   15417,  2,         3
   15418,  2,         3
   15419,  2,         3
   16950,  2,         8
   16960,  2,        18
   16961,  2,        17
   16962,  2,        17
   16973,  2,        10
   16984,  2,         6
   16985,  2,         6
   17023,  2,         9
   17100,  2,         8
   17131,  2,         5
   17132,  2,         5
   17133,  2,         5
   17134,  2,         5
   17236,  2,         8
   17270,  2,         7
   17271,  2,         5
   17272,  2,         5
   17283,  2,         5
   17284,  2,         5
   17285,  2,         7
   17423,  2,         4
   17424,  2,         4
   17425,  2,         6
   17438,  2,         4
   17439,  2,         4
   17440,  2,         4
   17562,  2,         3
   17563,  2,         3
   17564,  2,         3
   17583,  2,         3
   17584,  2,         3
   17585,  2,         3
   17657,  1,        11
   17684,  2,         2
   17685,  2,         2
   17686,  2,         2
   17687,  2,         2
   17688,  2,         2
   17689,  2,         2
   17747,  2,         2
   17748,  2,         2
   17819,  2,         3
   17820,  2,         3
   17821,  2,         3
   17822,  2,         3
   17836,  2,         2
   17837,  2,         2
   17838,  2,         2
   17839,  2,         2
   17841,  2,         2
   17842,  2,         2
   17843,  2,         2
   17844,  2,         2
   17845,  2,         3
   17846,  2,         2
   17847,  2,         2
   17848,  2,         2
   17849,  2,         2
   17850,  2,         3
   17851,  2,         2
   17852,  2,         2
   17853,  2,         2
   17854,  2,         2
   17855,  2,         3
   18080,  2,         3
   18081,  2,         3
   18082,  2,         3
   18083,  2,         3
   18084,  2,         3
   18085,  2,         3
   18122,  2,         3
   18123,  2,         3
   18124,  2,         3
   18125,  2,         3
   18126,  2,         3
   18127,  2,         3
   18169,  2,         5
   18403,  2,         4
   18433,  2,         3
   18434,  2,         3
   18435,  2,         3
   18436,  2,         3
   18437,  2,         3
   18438,  2,         3
   18466,  2,         5
   18467,  2,         3
   18468,  2,         3
   18469,  2,         3
   18470,  2,         3
   18471,  2,         3
   18472,  2,         3
   18512,  2,         3
   18513,  2,         3
   18514,  2,         3
   18515,  2,         3
   18516,  2,         3
   18517,  2,         3
   18617,  2,         3
   18618,  2,         3
   18619,  2,         3
   18710,  2,         3
   18711,  2,         3
   19598,  2,         3
   19599,  2,         3
   19600,  2,         3
   19601,  2,         3
   19630,  2,         4
   19631,  2,         4
   19632,  2,         4
   19633,  2,         4
   19781,  2,         2
   19782,  2,         2
   19783,  2,         2
   20136,  2,         3
   20139,  2,         3
   20142,  2,         3
   20444,  2,         4
   20445,  2,         3
   20446,  2,         3
   20456,  2,         4
   20457,  2,         3
   20458,  2,         3
   20459,  2,         3
   20460,  2,         2
   20461,  2,         2
   20465,  2,         3
   20466,  2,         3
   20467,  2,         3
   20468,  2,         2
   20469,  2,         2
   20470,  2,         2
   20479,  2,         2
   20480,  2,         2
   20481,  2,         2
   20482,  2,         2
   20483,  2,         2
   20484,  2,         2
   20485,  2,         2
   20486,  2,         2
   20495,  2,         2
   20496,  2,         2
   20497,  2,         2
   20498,  2,         2
   20499,  2,         2
   20500,  2,         2
   20501,  2,         2
   20502,  2,         2
   20511,  2,         2
   20512,  2,         2
   20513,  2,         2
   20514,  2,         3
   20515,  2,         2
   20516,  2,         2
   20517,  2,         2
   20518,  2,         3
   20523,  2,         2
   20524,  2,         2
   20525,  2,         2
   20526,  2,         2
   20527,  2,         2
   20528,  2,         2
   20529,  2,         2
   20530,  2,         2
   20531,  2,         2
   20532,  2,         2
   20533,  2,         2
   20534,  2,         2
   20535,  2,         3
   20536,  2,         3
   20537,  2,         3
   20538,  2,         3
   20719,  2,         4
   20720,  2,         3
   20721,  2,         3
   20728,  2,         6
   20729,  2,         3
   20730,  2,         3
   20731,  2,         3
   20732,  2,         4
   20733,  2,         4
   20734,  2,         3
   20735,  2,         3
   20736,  2,         6
   20737,  2,         3
   20738,  2,         3
   20739,  2,         3
   20740,  2,         4
   20744,  2,         6
   20745,  2,         3
   20746,  2,         3
   20747,  2,         3
   20749,  2,         4
   20750,  2,         3
   20751,  2,         3
   20753,  2,         3
   20754,  2,         3
   20755,  2,         3
   20757,  2,         2
   20758,  2,         2
   20759,  2,         2
   20760,  2,         5
   20761,  2,         3
   20762,  2,         3
   20763,  2,         3
   20776,  2,         3
   20777,  2,         3
   20778,  2,         3
   20779,  2,         3
   21083,  2,         5
   21224,  2,         5
   21225,  2,         5
   21228,  2,         5
   21229,  2,         5
   21232,  2,         5
   21233,  2,         5
   21476,  2,        16
    9800,  2,         3
    9801,  2,         3
    9802,  2,         3
    9803,  2,         3
    9804,  2,         3
    9845,  2,         3
    9846,  2,         3
    9847,  2,         3
    9848,  2,         3
    9849,  2,         3
    9970,  2,         3
    9971,  2,         3
    9972,  2,         3
    9973,  2,         3
    9974,  2,         3
   10054,  2,         4
   10455,  2,         3
   10456,  2,         3
   10457,  2,         3
   10497,  2,         3
   10498,  2,         3
   10499,  2,         3
   10500,  2,         3
   12717,  2,         2
   12718,  2,         2
   12719,  2,         2
   12720,  2,         2
   12721,  2,         2
   12722,  2,         2
   12723,  2,         4
   12724,  2,         4
   12725,  2,         4
   12726,  2,         2
   12727,  2,         2
   12728,  2,         2
   12729,  2,         2
   12730,  2,         2
   12731,  2,         2
   12732,  2,         4
   12733,  2,         4
   12734,  2,         4
   12747,  2,         4
   12748,  2,         4
   12749,  2,         4
   12750,  2,         4
   12751,  2,         2
   12752,  2,         2
   12753,  2,         2
   12754,  2,         2
   12755,  2,         2
   12756,  2,         2
   12757,  2,         2
   12758,  2,         2
   12759,  2,         2
   12760,  2,         2
   12761,  2,         2
   12762,  2,         2
   12763,  2,         4
   12764,  2,         4
   12765,  2,         4
   12766,  2,         4
   12767,  2,         2
   12768,  2,         2
   12769,  2,         2
   12770,  2,         2
   12771,  2,         2
   12772,  2,         2
   12773,  2,         2
   12774,  2,         2
   12775,  2,         2
   12776,  2,         2
   12777,  2,         2
   12778,  2,         2
   12779,  2,         4
   12780,  2,         4
   12781,  2,         4
   12782,  2,         4
   12795,  2,         4
   12796,  2,         4
   12797,  2,         4
   12798,  2,         4
   12799,  2,         2
   12800,  2,         2
   12801,  2,         2
   12802,  2,         2
   12803,  2,         2
   12804,  2,         2
   12816,  2,         4
   12823,  2,         5
   12950,  2,         4
   12951,  2,         4
   12952,  2,         4
   12953,  2,         2
   12954,  2,         2
   12955,  2,         2
   12956,  2,         2
   12957,  2,         2
   12958,  2,         2
   12962,  2,         2
   12963,  2,         2
   12964,  2,         2
   12965,  2,         2
   12966,  2,         2
   12967,  2,         2
   12977,  2,         4
   12978,  2,         4
   12979,  2,         4
   12980,  2,         2
   12981,  2,         2
   12982,  2,         2
   12983,  2,         2
   12984,  2,         2
   12985,  2,         2
   12989,  2,         2
   12990,  2,         2
   12991,  2,         2
   12992,  2,         2
   12993,  2,         2
   12994,  2,         2
   13014,  2,         3
   13016,  2,         3
   13017,  2,         3
   13019,  2,         3
   14839,  2,         3
   14840,  2,         3
   14841,  2,         3
   14842,  2,         3
   14866,  2,         3
   14867,  2,         3
   14868,  2,         3
   14869,  2,         3
   14870,  2,         3
   14871,  2,         2
   14872,  2,         2
   14873,  2,         2
   14874,  2,         2
   14875,  2,         2
   16953,  2,         7
   16963,  2,        17
   16972,  2,        10
   16974,  2,         9
   17020,  2,        10
   17021,  2,        10
   17022,  2,         9
   17044,  2,         6
   17045,  2,         6
   17099,  2,         8
   17101,  2,         9
   17135,  2,         5
   17136,  2,         5
   17137,  2,         5
   17138,  2,         5
   17141,  2,         5
   17142,  2,         5
   17233,  2,         6
   17268,  2,         5
   17269,  2,         5
   17343,  2,         2
   17344,  2,         2
   17345,  2,         2
   17346,  2,         2
   17347,  2,         2
   17348,  2,         2
   17435,  2,         4
   17436,  2,         4
   17437,  2,         4
   17447,  2,         4
   17448,  2,         4
   17449,  2,         4
   17477,  2,         2
   17478,  2,         2
   17479,  2,         2
   17480,  2,         2
   17481,  2,         2
   17482,  2,         2
   17483,  2,         2
   17484,  2,         2
   17485,  2,         2
   17571,  2,         3
   17572,  2,         3
   17573,  2,         3
   17589,  2,         2
   17590,  2,         2
   17591,  2,         2
   17592,  2,         2
   17593,  2,         2
   17594,  2,         2
   17720,  2,         3
   17721,  2,         3
   17722,  2,         3
   17723,  2,         3
   18079,  2,         4
   18086,  2,         4
   18087,  2,         3
   18088,  2,         3
   18089,  2,         3
   18090,  2,         3
   18091,  2,         3
   18092,  2,         3
   18093,  2,         4
   18094,  2,         3
   18095,  2,         3
   18096,  2,         3
   18097,  2,         3
   18098,  2,         3
   18099,  2,         3
   18129,  2,         3
   18130,  2,         3
   18131,  2,         3
   18132,  2,         3
   18133,  2,         3
   18134,  2,         3
   18136,  2,         3
   18137,  2,         3
   18138,  2,         3
   18139,  2,         3
   18140,  2,         3
   18141,  2,         3
   18536,  2,         4
   18715,  2,         3
   18716,  2,         3
   18717,  2,         3
   19556,  2,         2
   19557,  2,         2
   19558,  2,         2
   19614,  2,         3
   19615,  2,         3
   19616,  2,         3
   19617,  2,         3
   19665,  2,         4
   19778,  2,         2
   19779,  2,         2
   19780,  2,         2
   19934,  2,         2
   19938,  2,         2
   19939,  2,         2
   19940,  2,         2
   20151,  2,         3
   20152,  2,         3
   20153,  2,         3
   20154,  2,         2
   20155,  2,         2
   20156,  2,         2
   20157,  2,         2
   20158,  2,         2
   20159,  2,         2
   20265,  2,         3
   20269,  2,         3
   20273,  2,         3
   20277,  2,         3
   20507,  2,         3
   20508,  2,         3
   20509,  2,         3
   20510,  2,         5
   20571,  2,         3
   20576,  2,         3
   20581,  2,         3
   20586,  2,         3
   20591,  2,         3
   20741,  2,         2
   20742,  2,         2
   20743,  2,         3
    5827,  2,        29
    5828,  2,        28
   10717,  2,         3
   10718,  2,         3
   10719,  2,         3
   12735,  2,         2
   12736,  2,         2
   12737,  2,         2
   12738,  2,         2
   12739,  2,         2
   12740,  2,         2
   12741,  2,         2
   12742,  2,         2
   12743,  2,         2
   12744,  2,         2
   12745,  2,         2
   12746,  2,         2
   12821,  2,         3
   12822,  2,         3
   12959,  2,         4
   12960,  2,         4
   12961,  2,         4
   12995,  2,         4
   12996,  2,         4
   12997,  2,         4
   13015,  2,         2
   13018,  2,         2
   15580,  2,         3
   15581,  2,         3
   15582,  2,         3
   15583,  2,         3
   15592,  2,         2
   15593,  2,         2
   15594,  2,         2
   15595,  2,         2
   16926,  2,         8
   16959,  2,        22
   16964,  2,        17
   16970,  2,        12
   17001,  2,        17
   17002,  2,        16
   17017,  2,        11
   17018,  2,        12
   17019,  2,        11
   17047,  2,         6
   17095,  2,        10
   17096,  2,        10
   17097,  2,        10
   17098,  2,        11
   17277,  2,         5
   17278,  2,         5
   17279,  2,         5
   17280,  2,         5
   17281,  2,         5
   17282,  2,         5
   17432,  2,         4
   17433,  2,         4
   17434,  2,         4
   17632,  2,        14
   17634,  2,        14
   17635,  2,        13
   18101,  2,         3
   18102,  2,         3
   18103,  2,         3
   18104,  2,         3
   18105,  2,         3
   18106,  2,         3
   18178,  2,         5
   18439,  2,         2
   18440,  2,         2
   18441,  2,         2
   18442,  2,         2
   18443,  2,         2
   18444,  2,         2
   18473,  2,         5
   18541,  2,         4
   18620,  2,         4
   18621,  2,         3
   18622,  2,         3
   18623,  2,         3
   18832,  2,         5
   18833,  2,         5
   19454,  2,         3
   19455,  2,         3
   19456,  2,         3
   19545,  2,         2
   19546,  2,         2
   19577,  2,         2
   19578,  2,         2
   19579,  2,         2
   19580,  2,         2
   19581,  2,         2
   19582,  2,         2
   19583,  2,         2
   19584,  2,         2
   19585,  2,         2
   20017,  2,         4
   20018,  2,         4
   20019,  2,         4
   20237,  2,         3
   20238,  2,         3
   20239,  2,         3
   20240,  2,         3
   20241,  2,         2
   20242,  2,         2
   20243,  2,         2
   20244,  2,         2
   20245,  2,         2
   20246,  2,         2
   20247,  2,         2
   20248,  2,         2
   20253,  2,         2
   20254,  2,         2
   20255,  2,         2
   20256,  2,         2
   20257,  2,         2
   20258,  2,         2
   20259,  2,         2
   20260,  2,         2
   20261,  2,         2
   20262,  2,         2
   20263,  2,         2
   20264,  2,         2
   20266,  2,         2
   20267,  2,         2
   20268,  2,         2
   20270,  2,         2
   20271,  2,         2
   20272,  2,         2
   20274,  2,         2
   20275,  2,         2
   20276,  2,         2
   20278,  2,         2
   20279,  2,         2
   20280,  2,         2
   20301,  2,         3
   20307,  2,         3
   20313,  2,         3
   20319,  2,         3
   20325,  2,         3
   20454,  2,         3
   20455,  2,         3
   20475,  2,         3
   20476,  2,         3
   20477,  2,         3
   20478,  2,         3
   20491,  2,         3
   20492,  2,         3
   20493,  2,         3
   20494,  2,         3
   20519,  2,         3
   20520,  2,         3
   20521,  2,         3
   20522,  2,         3
    5815,  2,        31
    5818,  2,        30
    5819,  2,        35
    5824,  2,        30
    5825,  2,        30
    5826,  2,        36
    5830,  2,        32
    5831,  2,        36
    5834,  2,        31
    5835,  2,        34
    5837,  2,        28
    5838,  2,        30
    9820,  2,         3
    9821,  2,         3
    9822,  2,         3
    9823,  2,         3
    9824,  2,         3
   10446,  2,         4
   10447,  2,         4
   10448,  2,         4
   10464,  2,         3
   10465,  2,         3
   10466,  2,         3
   12350,  2,        27
   12787,  2,         2
   12788,  2,         2
   12789,  2,         2
   12790,  2,         2
   12791,  2,         2
   12792,  2,         2
   12793,  2,         2
   12794,  2,         2
   12820,  2,         4
   16811,  2,         4
   16929,  2,         9
   16957,  2,        20
   16958,  2,        24
   16965,  2,        13
   16966,  2,        13
   16967,  2,        13
   16986,  2,         7
   16994,  2,        23
   16995,  2,        30
   16998,  2,        27
   16999,  2,        25
   17000,  2,        18
   17003,  2,        18
   17004,  2,        19
   17013,  2,        12
   17014,  2,        13
   17015,  2,        12
   17016,  2,        12
   17046,  2,         6
   17049,  2,         6
   17064,  2,        23
   17065,  2,        27
   17093,  2,        11
   17094,  2,        10
   17139,  2,         7
   17140,  2,         6
   17192,  2,         3
   17193,  2,         2
   17292,  2,         6
   17293,  2,         5
   17294,  2,         5
   17340,  2,         4
   17341,  2,         3
   17342,  2,         3
   17444,  2,         5
   17445,  2,         4
   17446,  2,         4
   17457,  2,         4
   17458,  2,         4
   17465,  2,         5
   17466,  2,         4
   17467,  2,         4
   17474,  2,         4
   17475,  2,         3
   17476,  2,         3
   17526,  2,        19
   17529,  2,        16
   17530,  2,        18
   17533,  2,        12
   17534,  2,        15
   17538,  2,        12
   17539,  2,        13
   17580,  2,         4
   17581,  2,         3
   17582,  2,         3
   17624,  2,        21
   17626,  2,        19
   17627,  2,        18
   17628,  2,        18
   17629,  2,        14
   17630,  2,        13
   17631,  2,        15
   17633,  2,        13
   17636,  2,        13
   17668,  2,        22
   17669,  2,        22
   17670,  2,        22
   17671,  2,        17
   17719,  2,         4
   17725,  2,         3
   17726,  2,         3
   17727,  2,         3
   17728,  2,         3
   17730,  2,         3
   17731,  2,         3
   17732,  2,         3
   17733,  2,         3
   17735,  2,         3
   17736,  2,         3
   17737,  2,         3
   17738,  2,         3
   17740,  2,         2
   17741,  2,         2
   17742,  2,         2
   17743,  2,         2
   17744,  2,         3
   17745,  2,         3
   17746,  2,         3
   17815,  2,         3
   17816,  2,         3
   17817,  2,         3
   17818,  2,         3
   17840,  2,         6
   17856,  2,         3
   17857,  2,         3
   17858,  2,         3
   17859,  2,         3
   17860,  2,         3
   17881,  2,         5
   17882,  2,         5
   17883,  2,         5
   17885,  2,         2
   17886,  2,         2
   17887,  2,         3
   17889,  2,         2
   17890,  2,         2
   17891,  2,         3
   17893,  2,         2
   17894,  2,         2
   17895,  2,         3
   18100,  2,         4
   18107,  2,         3
   18108,  2,         3
   18109,  2,         3
   18110,  2,         3
   18111,  2,         3
   18112,  2,         3
   18113,  2,         3
   18114,  2,         4
   18115,  2,         4
   18116,  2,         4
   18117,  2,         4
   18118,  2,         4
   18119,  2,         4
   18120,  2,         4
   18121,  2,         7
   18128,  2,         7
   18135,  2,         7
   18142,  2,         6
   18143,  2,         3
   18144,  2,         3
   18145,  2,         3
   18146,  2,         3
   18147,  2,         3
   18148,  2,         3
   18149,  2,         6
   18150,  2,         2
   18151,  2,         2
   18152,  2,         2
   18153,  2,         2
   18154,  2,         2
   18155,  2,         2
   18156,  2,         6
   18157,  2,         2
   18158,  2,         2
   18159,  2,         2
   18160,  2,         2
   18161,  2,         2
   18162,  2,         2
   18225,  2,         5
   18232,  2,         5
   18233,  2,         5
   18474,  2,         3
   18475,  2,         3
   18476,  2,         3
   18477,  2,         3
   18478,  2,         3
   18479,  2,         3
   18480,  2,         5
   18486,  2,         4
   18493,  2,         3
   18518,  2,         3
   18519,  2,         3
   18520,  2,         3
   18521,  2,         3
   18522,  2,         3
   18523,  2,         4
   18524,  2,         2
   18525,  2,         2
   18526,  2,         2
   18527,  2,         2
   18528,  2,         3
   18529,  2,         3
   18534,  2,         3
   18535,  2,         3
   18540,  2,         4
   18544,  2,         3
   18545,  2,         3
   18624,  2,         4
   18625,  2,         3
   18626,  2,         3
   18627,  2,         3
   19772,  2,         2
   19773,  2,         2
   20011,  2,         2
   20012,  2,         2
   20013,  2,         2
   20014,  2,         2
   20015,  2,         2
   20016,  2,         2
   20127,  2,         5
   20128,  2,         3
   20129,  2,         3
   20137,  2,         3
   20138,  2,         3
   20249,  2,         3
   20250,  2,         3
   20251,  2,         3
   20252,  2,         3
   20453,  2,         4
    5809,  2,        35
    5816,  2,        36
    5817,  2,        34
    5820,  2,        33
    5821,  2,        33
    5832,  2,        36
    5833,  2,        36
    5836,  2,        30
    5841,  2,        36
    5842,  2,        36
    5846,  2,        39
    5850,  2,        39
    5853,  2,        33
    5854,  2,        34
   11910,  2,        30
   12349,  2,        32
   12351,  2,        29
   12968,  2,         4
   12969,  2,         4
   12970,  2,         4
   13342,  2,        25
   16816,  2,        14
   16817,  2,        13
   16928,  2,         9
   16943,  2,        15
   16969,  2,        12
   16971,  2,        12
   16987,  2,         8
   16988,  2,         8
   16996,  2,        30
   16997,  2,        28
   17005,  2,        21
   17006,  2,        20
   17007,  2,        21
   17008,  2,        19
   17048,  2,         6
   17051,  2,         7
   17066,  2,        28
   17067,  2,        29
   17069,  2,        28
   17070,  2,        25
   17071,  2,        22
   17072,  2,        24
   17073,  2,        21
   17074,  2,        20
   17075,  2,        23
   17091,  2,        13
   17092,  2,        13
   17147,  2,         5
   17148,  2,         5
   17149,  2,         7
   17150,  2,         6
   17151,  2,         6
   17190,  2,         4
   17191,  2,         3
   17194,  2,        24
   17195,  2,        28
   17196,  2,        26
   17197,  2,        26
   17202,  2,        25
   17204,  2,        25
   17206,  2,        23
   17226,  2,        13
   17227,  2,        12
   17228,  2,        15
   17229,  2,        13
   17286,  2,         6
   17287,  2,         5
   17288,  2,         5
   17289,  2,         6
   17290,  2,         5
   17291,  2,         5
   17298,  2,         6
   17299,  2,         5
   17300,  2,         5
   17301,  2,         6
   17302,  2,         5
   17303,  2,         5
   17328,  2,         4
   17331,  2,         3
   17332,  2,         2
   17333,  2,         2
   17334,  2,         3
   17335,  2,         2
   17336,  2,         2
   17337,  2,         5
   17338,  2,         4
   17339,  2,         4
   17351,  2,        23
   17352,  2,        28
   17353,  2,        30
   17355,  2,        30
   17366,  2,        23
   17367,  2,        23
   17369,  2,        25
   17370,  2,        20
   17372,  2,        21
   17373,  2,        19
   17376,  2,        18
   17379,  2,        17
   17382,  2,        20
   17391,  2,        12
   17392,  2,        13
   17393,  2,        13
   17441,  2,         5
   17442,  2,         4
   17443,  2,         4
   17450,  2,         5
   17451,  2,         4
   17452,  2,         4
   17453,  2,         5
   17454,  2,         4
   17455,  2,         4
   17456,  2,         5
   17462,  2,         4
   17463,  2,         3
   17464,  2,         3
   17468,  2,         3
   17471,  2,         4
   17472,  2,         3
   17473,  2,         3
   17497,  2,        21
   17498,  2,        25
   17499,  2,        28
   17500,  2,        26
   17501,  2,        28
   17502,  2,        28
   17504,  2,        27
   17506,  2,        26
   17514,  2,        24
   17515,  2,        19
   17517,  2,        21
   17518,  2,        18
   17519,  2,        20
   17520,  2,        19
   17521,  2,        19
   17522,  2,        19
   17523,  2,        19
   17524,  2,        18
   17525,  2,        18
   17527,  2,        19
   17528,  2,        19
   17531,  2,        19
   17532,  2,        16
   17536,  2,        16
   17537,  2,        14
   17606,  2,        17
   17607,  2,        20
   17608,  2,        24
   17609,  2,        25
   17610,  2,        26
   17611,  2,        27
   17612,  2,        27
   17613,  2,        26
   17614,  2,        27
   17615,  2,        27
   17616,  2,        27
   17617,  2,        27
   17618,  2,        27
   17619,  2,        24
   17620,  2,        26
   17621,  2,        21
   17622,  2,        23
   17623,  2,        20
   17625,  2,        18
   17658,  2,        17
   17659,  2,        17
   17660,  2,        20
   17661,  2,        22
   17662,  2,        23
   17663,  2,        24
   17664,  2,        23
   17665,  2,        22
   17666,  2,        22
   17667,  2,        20
   17724,  2,         4
   17729,  2,         4
   17734,  2,         4
   17739,  2,         4
   17835,  2,         6
   18171,  2,         7
   18179,  2,         7
   18186,  2,         5
   18194,  2,         4
   18195,  2,         6
   18201,  2,         3
   18202,  2,         4
   18203,  2,         6
   18209,  2,         3
   18210,  2,         4
   18211,  2,         6
   18216,  2,         7
   18217,  2,         7
   18218,  2,         4
   18223,  2,         5
   18224,  2,         5
   18226,  2,         6
   18231,  2,         5
   18481,  2,         3
   18482,  2,         3
   18483,  2,         3
   18484,  2,         3
   18485,  2,         3
   18487,  2,         4
   18488,  2,         2
   18489,  2,         2
   18490,  2,         2
   18491,  2,         2
   18492,  2,         2
   18538,  2,         4
   18539,  2,         4
   18542,  2,         3
   18543,  2,         3
   18779,  2,         4
   18780,  2,         4
   19915,  2,         2
   19916,  2,         2
   19930,  2,         2
   19931,  2,         2
   19932,  2,         2
   19933,  2,         2
   20119,  2,         2
   20120,  2,         2
   20122,  2,         2
   20123,  2,         2
   20125,  2,         2
   20126,  2,         2
   20131,  2,         2
   20132,  2,         2
   20134,  2,         2
   20135,  2,         2
   20225,  2,         3
   20226,  2,         3
   20227,  2,         3
   20228,  2,         3
   20229,  2,         2
   20230,  2,         2
   20231,  2,         2
   20232,  2,         2
   20503,  2,         3
   20504,  2,         3
   20505,  2,         3
   20506,  2,         3
    5810,  2,        36
    5840,  2,        37
    5851,  2,        34
    5852,  2,        33
   11909,  2,        35
   12835,  2,        32
   13343,  2,        26
   13725,  2,        28
   13985,  2,         5
   13986,  2,         5
   13987,  2,         5
   13988,  2,         5
   13997,  2,         3
   13998,  2,         3
   13999,  2,         3
   14000,  2,         3
   16841,  2,        10
   16842,  2,        10
   16845,  2,        10
   16846,  2,        10
   16949,  2,         9
   16954,  2,         8
   16968,  2,        13
   17009,  2,        19
   17010,  2,        19
   17011,  2,        15
   17012,  2,        15
   17050,  2,         7
   17054,  2,         7
   17068,  2,        29
   17076,  2,        21
   17077,  2,        21
   17080,  2,        21
   17082,  2,        20
   17084,  2,        19
   17086,  2,        20
   17087,  2,        18
   17088,  2,        14
   17089,  2,        15
   17090,  2,        14
   17143,  2,         6
   17144,  2,         6
   17145,  2,         5
   17146,  2,         6
   17152,  2,         6
   17153,  2,         6
   17154,  2,         5
   17155,  2,         6
   17156,  2,         6
   17157,  2,         5
   17158,  2,         6
   17159,  2,         6
   17160,  2,         5
   17167,  2,         6
   17168,  2,         6
   17169,  2,         5
   17198,  2,        28
   17199,  2,        27
   17200,  2,        27
   17201,  2,        27
   17203,  2,        26
   17205,  2,        24
   17207,  2,        24
   17208,  2,        25
   17209,  2,        23
   17223,  2,        17
   17224,  2,        18
   17295,  2,         5
   17296,  2,         4
   17297,  2,         4
   17304,  2,         5
   17305,  2,         5
   17306,  2,         4
   17307,  2,         5
   17308,  2,         5
   17309,  2,         4
   17310,  2,         5
   17311,  2,         4
   17312,  2,         4
   17317,  2,         4
   17318,  2,         4
   17319,  2,         5
   17320,  2,         4
   17321,  2,         4
   17325,  2,         4
   17326,  2,         3
   17327,  2,         3
   17329,  2,         3
   17330,  2,         3
   17354,  2,        29
   17357,  2,        28
   17362,  2,        25
   17363,  2,        28
   17364,  2,        24
   17365,  2,        25
   17368,  2,        22
   17371,  2,        23
   17375,  2,        20
   17378,  2,        20
   17381,  2,        17
   17385,  2,        18
   17386,  2,        18
   17387,  2,        18
   17388,  2,        16
   17389,  2,        16
   17390,  2,        18
   17459,  2,         4
   17460,  2,         3
   17461,  2,         3
   17469,  2,         2
   17470,  2,         2
   17503,  2,        28
   17505,  2,        27
   17508,  2,        28
   17510,  2,        27
   17511,  2,        25
   17512,  2,        27
   17513,  2,        23
   17516,  2,        24
   17535,  2,        16
   18200,  2,         3
   18208,  2,         3
   18230,  2,         5
   19664,  2,         4
   20118,  2,         5
   20121,  2,         5
   20124,  2,         5
    5806,  2,        41
    5807,  2,        41
    5811,  2,        41
    5822,  2,        41
    5839,  2,        38
    5847,  2,        38
    5849,  2,        37
    5858,  2,        40
   11911,  2,        36
   12986,  2,         5
   12987,  2,         5
   12988,  2,         5
   13157,  2,        35
   13339,  2,        29
   13989,  2,         3
   13990,  2,         3
   13991,  2,         3
   13992,  2,         3
   13993,  2,         3
   13994,  2,         3
   13995,  2,         3
   13996,  2,         3
   16640,  2,        17
   16930,  2,         9
   16931,  2,         9
   16932,  2,         9
   16933,  2,         8
   16946,  2,        12
   16989,  2,         7
   16990,  2,         7
   17052,  2,         6
   17053,  2,         7
   17055,  2,         6
   17056,  2,         6
   17057,  2,         6
   17078,  2,        24
   17079,  2,        23
   17081,  2,        24
   17083,  2,        21
   17085,  2,        21
   17161,  2,         5
   17162,  2,         5
   17163,  2,         4
   17164,  2,         5
   17165,  2,         6
   17166,  2,         5
   17171,  2,         5
   17172,  2,         4
   17173,  2,         5
   17174,  2,         5
   17175,  2,         4
   17176,  2,         5
   17177,  2,         5
   17178,  2,         4
   17182,  2,         4
   17183,  2,         3
   17184,  2,         3
   17185,  2,         4
   17186,  2,         4
   17187,  2,         4
   17210,  2,        24
   17211,  2,        25
   17212,  2,        25
   17213,  2,        24
   17214,  2,        21
   17215,  2,        24
   17216,  2,        25
   17217,  2,        20
   17218,  2,        20
   17219,  2,        22
   17220,  2,        20
   17221,  2,        19
   17222,  2,        19
   17225,  2,        19
   17313,  2,         4
   17314,  2,         3
   17315,  2,         3
   17316,  2,         4
   17322,  2,         6
   17323,  2,         3
   17324,  2,         3
   17356,  2,        28
   17358,  2,        29
   17359,  2,        28
   17360,  2,        26
   17361,  2,        29
   17374,  2,        25
   17377,  2,        24
   17380,  2,        23
   17383,  2,        23
   17384,  2,        19
   17507,  2,        28
   17509,  2,        26
   17831,  2,         3
   17832,  2,         3
   17833,  2,         3
   17834,  2,         3
   18172,  2,         3
   18173,  2,         3
   18174,  2,         3
   18175,  2,         3
   18176,  2,         3
   18177,  2,         3
   18180,  2,         3
   18181,  2,         3
   18182,  2,         3
   18183,  2,         3
   18184,  2,         3
   18185,  2,         4
   18187,  2,         7
   18193,  2,         4
   18758,  2,         5
   20140,  2,         3
   20143,  2,         3
   21082,  2,         5
   21084,  2,         5
    1907,  2,        45
    1908,  2,        44
    1946,  2,        43
    1947,  2,        42
    1948,  2,        42
    5823,  2,        40
    5848,  2,        38
    5857,  2,        43
   12352,  2,        36
   13569,  2,         5
   13570,  2,         4
   13571,  2,         4
   13724,  2,        31
   14659,  2,         5
   14660,  2,         4
   14661,  2,         4
   14662,  2,         4
   16481,  2,        14
   16482,  2,        12
   16528,  2,        15
   16530,  2,        15
   16532,  2,        14
   16533,  2,        16
   16534,  2,        16
   16535,  2,        17
   16538,  2,        20
   16541,  2,        16
   16700,  2,        12
   16701,  2,        12
   16703,  2,        14
   16704,  2,        14
   16706,  2,        16
   16707,  2,        14
   16709,  2,        16
   16710,  2,        14
   16711,  2,        18
   16712,  2,        15
   16713,  2,        14
   16714,  2,        16
   16715,  2,        15
   16716,  2,        13
   16717,  2,        13
   16718,  2,        14
   16719,  2,        13
   16720,  2,        13
   16725,  2,        13
   16726,  2,        13
   16728,  2,        13
   16729,  2,        13
   16839,  2,        11
   16840,  2,        14
   16843,  2,        11
   16844,  2,        11
   16847,  2,        14
   16848,  2,        13
   16849,  2,        15
   16850,  2,        12
   16851,  2,        10
   16852,  2,        10
   16853,  2,        11
   16854,  2,        10
   16855,  2,        10
   16856,  2,        10
   16857,  2,        10
   16858,  2,        10
   16859,  2,        11
   16860,  2,        10
   16861,  2,        10
   16862,  2,        11
   16863,  2,        10
   16864,  2,        10
   16866,  2,        12
   16867,  2,        12
   16869,  2,         9
   16870,  2,         9
   16871,  2,        10
   16872,  2,         9
   16873,  2,         9
   16925,  2,        11
   16934,  2,         8
   16935,  2,         8
   16944,  2,        18
   16945,  2,        15
   16991,  2,         7
   17060,  2,         6
   17170,  2,         5
   17179,  2,         4
   17180,  2,         5
   17181,  2,         3
   18196,  2,         3
   18197,  2,         3
   18198,  2,         3
   18199,  2,         3
   18204,  2,         2
   18205,  2,         2
   18206,  2,         2
   18207,  2,         3
   18212,  2,         6
   18213,  2,         6
   18214,  2,         6
   18215,  2,         7
   18222,  2,         5
   21227,  2,         6
   21231,  2,         6
       1,  2,        63
    1909,  2,        49
    1944,  2,        48
    1945,  2,        48
    5843,  2,        41
    5844,  2,        40
    5845,  2,        38
    5866,  2,        41
    5870,  2,        39
   13022,  2,         6
   14411,  2,        21
   16443,  2,        15
   16483,  2,        14
   16484,  2,        14
   16504,  2,         5
   16524,  2,        20
   16526,  2,        16
   16529,  2,        17
   16531,  2,        19
   16536,  2,        15
   16537,  2,        14
   16539,  2,        15
   16540,  2,        14
   16542,  2,        15
   16543,  2,        14
   16544,  2,        20
   16694,  2,        15
   16695,  2,        21
   16697,  2,        14
   16698,  2,        14
   16702,  2,        16
   16705,  2,        18
   16708,  2,        18
   16721,  2,        14
   16722,  2,        13
   16723,  2,        13
   16724,  2,        14
   16727,  2,        14
   16734,  2,        13
   16735,  2,        13
   16737,  2,        12
   16738,  2,        12
   16865,  2,        12
   16868,  2,        10
   16875,  2,        11
   16876,  2,        11
   16878,  2,        11
   16879,  2,        11
   16881,  2,         9
   16882,  2,         9
   17058,  2,         5
   17059,  2,         5
   17062,  2,         4
   17188,  2,         3
   18718,  2,         4
   21078,  2,         5
   21249,  2,         7
   21253,  2,         9
   21254,  2,         7
   21258,  2,         9
   21259,  2,         7
   21506,  2,        22
   21507,  2,        21
    1910,  2,        45
    1911,  2,        43
    1912,  2,        43
    5800,  2,        47
    5812,  2,        47
    5868,  2,        39
    5869,  2,        38
   11943,  2,        22
   13338,  2,        37
   13739,  2,        24
   13743,  2,        24
   14412,  2,        26
   16377,  2,        15
   16503,  2,         5
   16552,  2,        14
   16553,  2,        14
   16691,  2,        16
   16692,  2,        15
   16699,  2,        19
   16731,  2,        13
   16732,  2,        13
   16937,  2,         8
   17189,  2,         3
   18763,  2,         5
   18782,  2,         4
   18836,  2,         6
   20595,  2,         4
   20882,  2,         3
   21250,  2,        12
   21251,  2,        11
   21252,  2,         9
   21255,  2,        12
   21256,  2,        11
   21257,  2,         9
    5813,  2,        50
    5863,  2,        45
    5864,  2,        44
    5865,  2,        42
    5867,  2,        46
   11352,  2,        24
   11912,  2,        40
   13374,  2,        26
   13740,  2,        25
   13744,  2,        27
   14409,  2,        25
   15143,  2,        24
   15144,  2,        24
   15388,  2,         6
   15965,  2,        17
   15966,  2,        17
   16549,  2,        14
   16550,  2,        14
   16955,  2,         7
   16992,  2,         7
   17061,  2,         4
   18192,  2,         4
   18229,  2,         5
   18783,  2,         4
   18785,  2,         4
   18794,  2,         3
   18795,  2,         3
   18796,  2,         3
   19292,  2,         3
   19293,  2,         3
   19294,  2,         3
   19295,  2,         3
   19850,  2,         2
   19851,  2,         2
   20005,  2,         2
   20006,  2,         2
   20007,  2,         2
   20008,  2,         2
   20009,  2,         2
   20010,  2,         2
   20572,  2,         5
   21089,  2,         5
   21091,  2,         5
   21248,  2,        14
   21279,  2,        11
   21284,  2,        11
   21508,  2,        29
    9865,  2,         5
    9866,  2,         4
    9867,  2,         4
    9868,  2,         4
    9869,  2,         4
    9890,  2,         4
   11944,  2,        24
   13572,  2,         5
   13736,  2,        25
   14408,  2,        26
   14671,  2,         6
   14672,  2,         3
   14673,  2,         3
   14674,  2,         3
   14862,  2,         3
   14863,  2,         3
   14864,  2,         3
   14865,  2,         3
   15145,  2,        25
   15389,  2,         4
   15390,  2,         4
   15391,  2,         4
   15962,  2,        17
   15963,  2,        17
   16546,  2,        14
   16547,  2,        14
   16877,  2,        13
   17063,  2,         5
   18769,  2,         5
   19565,  2,         3
   19566,  2,         3
   19567,  2,         3
   19646,  2,         7
   19758,  2,         2
   19759,  2,         2
   20130,  2,         5
   20133,  2,         5
   20141,  2,         2
   20144,  2,         2
   20164,  2,         3
   20165,  2,         3
   20982,  2,         7
   20983,  2,         5
   21245,  2,        15
   21246,  2,        15
   21278,  2,        13
   21282,  2,        12
   21283,  2,        13
    9795,  2,         7
    9840,  2,         5
    9841,  2,         4
    9842,  2,         4
    9843,  2,         4
    9844,  2,         4
    9891,  2,         4
    9892,  2,         4
    9893,  2,         4
    9894,  2,         4
   11348,  2,        27
   11945,  2,        23
   13370,  2,        27
   13737,  2,        26
   14407,  2,        27
   14470,  2,        27
   16376,  2,        19
   18840,  2,         6
   19574,  2,         4
   19575,  2,         4
   19663,  2,         4
   19774,  2,         2
   19775,  2,         2
   19776,  2,         2
   19777,  2,         2
   19919,  2,         2
   19920,  2,         2
   19949,  2,         2
   20002,  2,         4
   20003,  2,         4
   20004,  2,         4
   20167,  2,         5
   20168,  2,         3
   20487,  2,         4
   20488,  2,         4
   20489,  2,         4
   20490,  2,         4
   20973,  2,         9
   20990,  2,         6
   21085,  2,         5
   21413,  2,         6
    9774,  2,         5
    9796,  2,         4
    9797,  2,         4
    9798,  2,         4
    9799,  2,         4
    9815,  2,         5
    9816,  2,         4
    9817,  2,         4
    9818,  2,         4
    9819,  2,         4
    9995,  2,         3
    9996,  2,         3
    9997,  2,         3
    9998,  2,         3
    9999,  2,         3
   11344,  2,        30
   11353,  2,        27
   11354,  2,        25
   13741,  2,        30
   16486,  2,        16
   16688,  2,        19
   16874,  2,        15
   18774,  2,         5
   18786,  2,         4
   18837,  2,         6
   19576,  2,         7
   19611,  2,         3
   19612,  2,         3
   19613,  2,         3
   19647,  2,         7
   19648,  2,         5
   19649,  2,         6
   19661,  2,         4
   19784,  2,         4
   19785,  2,         2
   19786,  2,         2
   19910,  2,         4
   19911,  2,         2
   19912,  2,         4
   19913,  2,         2
   19914,  2,         3
   19935,  2,         2
   19936,  2,         2
   19942,  2,         3
   19943,  2,         3
   19945,  2,         4
   19946,  2,         4
   19948,  2,         4
   20023,  2,         3
   20027,  2,         3
   20031,  2,         3
   20161,  2,         5
   20162,  2,         3
   20163,  2,         6
   20221,  2,         3
   20222,  2,         3
   20223,  2,         3
   20224,  2,         3
    9738,  2,         6
    9790,  2,         7
    9915,  2,         3
    9916,  2,         3
    9917,  2,         3
    9918,  2,         3
    9919,  2,         3
   13575,  2,         3
   13973,  2,         4
   14667,  2,         6
   14668,  2,         4
   14669,  2,         4
   14670,  2,         4
   14851,  2,         5
   14852,  2,         4
   14853,  2,         4
   14854,  2,         4
   14855,  2,         4
   14856,  2,         5
   14857,  2,         4
   14858,  2,         4
   14859,  2,         4
   14860,  2,         4
   14861,  2,         4
   14886,  2,         4
   14887,  2,         3
   14888,  2,         3
   14889,  2,         3
   14890,  2,         3
   14891,  2,         6
   14892,  2,         3
   14893,  2,         3
   14894,  2,         3
   14895,  2,         3
   15392,  2,         5
   15393,  2,         4
   15394,  2,         4
   15395,  2,         4
   16696,  2,        21
   18768,  2,         5
   18773,  2,         5
   18831,  2,         6
   19660,  2,         4
   19770,  2,         2
   19771,  2,         2
   19841,  2,         3
   19844,  2,         3
   19917,  2,         3
   19918,  2,         3
   19923,  2,         5
   19926,  2,         3
   19929,  2,         3
   20166,  2,         4
   20197,  2,         6
   20209,  2,         5
   20210,  2,         3
   20211,  2,         3
   20212,  2,         3
   20213,  2,         5
   20214,  2,         3
   20215,  2,         3
   20216,  2,         3
   20233,  2,         3
   20234,  2,         3
   20235,  2,         3
   20236,  2,         3
   20462,  2,         5
   20471,  2,         5
   20472,  2,         4
   20473,  2,         4
   20474,  2,         4
   13969,  2,         4
   14663,  2,         5
   14664,  2,         4
   14665,  2,         4
   14666,  2,         4
   14876,  2,         4
   14877,  2,         4
   14878,  2,         4
   14879,  2,         4
   14880,  2,         4
   14881,  2,         4
   14882,  2,         3
   14883,  2,         3
   14884,  2,         3
   14885,  2,         3
   14901,  2,         5
   14902,  2,         3
   14903,  2,         3
   14904,  2,         3
   14905,  2,         3
   14906,  2,         5
   14907,  2,         3
   14908,  2,         3
   14909,  2,         3
   14910,  2,         3
   18719,  2,         3
   18720,  2,         3
   18793,  2,         5
   19559,  2,         2
   19560,  2,         2
   19561,  2,         2
   19562,  2,         2
   19563,  2,         2
   19564,  2,         2
   19570,  2,         5
   19573,  2,         5
   19642,  2,         5
   19763,  2,         3
   19764,  2,         3
   19765,  2,         3
   19766,  2,         2
   19767,  2,         2
   19768,  2,         2
   19769,  2,         5
   20198,  2,         3
   20199,  2,         3
   20200,  2,         3
   20463,  2,         4
   20464,  2,         4
    5855,  2,        57
    5856,  2,        57
    5886,  2,        53
   13573,  2,         4
   13574,  2,         4
   13734,  2,        30
   16525,  2,        22
   16527,  2,        22
   16633,  2,         4
   16638,  2,         4
   19629,  2,         3
   19761,  2,         3
   19762,  2,         3
    5884,  2,        52
    5885,  2,        50
   13356,  2,        32
   13366,  2,        35
   13981,  2,         4
   14215,  2,         4
   14216,  2,         4
   14217,  2,         4
   14218,  2,         4
   14219,  2,         4
   15959,  2,        21
   15960,  2,        23
   15964,  2,        23
   16685,  2,        25
   18835,  2,         6
   18841,  2,         6
   18845,  2,         6
   19523,  2,         5
   19524,  2,         5
    1872,  2,        68
    5808,  2,        61
   11340,  2,        33
   11345,  2,        33
   11346,  2,        31
   11349,  2,        32
   11350,  2,        30
   11359,  2,        34
   11363,  2,        36
   11908,  2,        48
   12353,  2,        49
   12521,  2,        28
   12522,  2,        30
   12524,  2,        28
   12525,  2,        30
   12528,  2,        30
   13155,  2,        55
   13337,  2,        50
   13353,  2,        33
   13357,  2,        35
   14220,  2,         4
   14221,  2,         4
   14222,  2,         4
   14223,  2,         4
   14224,  2,         4
   14474,  2,        28
   14911,  2,        10
   14912,  2,         5
   14913,  2,         5
   14914,  2,         5
   14915,  2,         5
   15199,  2,        27
   15211,  2,        27
   15961,  2,        23
   18812,  2,         5
   18830,  2,         7
   18839,  2,         6
   19536,  2,         2
   19537,  2,         2
   19538,  2,         2
   19539,  2,         2
   19540,  2,         2
   19541,  2,         2
   19542,  2,         2
   19543,  2,         2
   19544,  2,         2
   19760,  2,         5
    1873,  2,        70
    1939,  2,        62
    5797,  2,        66
    5801,  2,        66
    9791,  2,         5
   10908,  2,        37
   10909,  2,        33
   11341,  2,        33
   11342,  2,        32
   11367,  2,        41
   11371,  2,        40
   11962,  2,        39
   12391,  2,        30
   12392,  2,        30
   12393,  2,        30
   12394,  2,        32
   12395,  2,        31
   12396,  2,        29
   12397,  2,        29
   12398,  2,        32
   12400,  2,        29
   12401,  2,        29
   12402,  2,        31
   12527,  2,        29
   12635,  2,        32
   12636,  2,        30
   12637,  2,        29
   13177,  2,        35
   13362,  2,        34
   13576,  2,         2
   13577,  2,         2
   13723,  2,        53
   13735,  2,        39
   13738,  2,        35
   14406,  2,        35
   14482,  2,        29
   14926,  2,         3
   14927,  2,         3
   14928,  2,         3
   14929,  2,         3
   14930,  2,         3
   15203,  2,        30
   15207,  2,        26
   15208,  2,        23
   15209,  2,        23
   15210,  2,        23
   15400,  2,         5
   15589,  2,         4
   15590,  2,         4
   15591,  2,         4
   15958,  2,        24
   16494,  2,         6
   16689,  2,        26
   16693,  2,        24
   16880,  2,        18
   18813,  2,         5
   18834,  2,         7
   18838,  2,         7
   18842,  2,         7
   18843,  2,         6
      42,  2,        98
    1874,  2,        68
    5802,  2,        67
    5814,  2,        70
    9768,  2,         8
    9792,  2,         4
    9793,  2,         4
    9794,  2,         4
   10324,  2,        40
   10677,  2,        38
   10905,  2,        37
   10906,  2,        36
   11966,  2,        44
   11971,  2,        36
   11972,  2,        36
   11973,  2,        36
   12387,  2,        30
   12388,  2,        30
   12389,  2,        30
   12390,  2,        34
   12634,  2,        35
   13042,  2,        59
   13156,  2,        52
   13171,  2,        37
   13174,  2,        36
   13350,  2,        34
   13354,  2,        36
   13732,  2,        35
   13977,  2,         6
   14405,  2,        36
   15204,  2,        27
   15396,  2,         6
   15585,  2,         4
   15586,  2,         4
   15587,  2,         4
   16485,  2,        20
   16923,  2,        23
   19594,  2,         3
   19595,  2,         3
   19596,  2,         3
   19597,  2,         3
    1875,  2,        70
    1901,  2,        69
    1902,  2,        73
    1903,  2,        67
    1940,  2,        66
    1941,  2,        66
    1942,  2,        74
    1943,  2,        69
    1984,  2,        65
    5773,  2,        69
    5774,  2,        64
    5775,  2,        68
    5782,  2,        76
    5783,  2,        68
    5784,  2,        66
    5791,  2,        71
    5792,  2,        67
    5793,  2,        74
    5798,  2,        71
    9885,  2,         5
    9886,  2,         5
    9887,  2,         4
    9888,  2,         4
    9889,  2,         4
   10325,  2,        39
   10678,  2,        38
   11974,  2,        41
   12348,  2,        60
   13053,  2,        37
   13056,  2,        40
   13166,  2,        38
   13358,  2,        37
   13974,  2,         5
   13975,  2,         5
   13976,  2,         5
   14240,  2,         4
   14241,  2,         4
   14242,  2,         4
   14243,  2,         4
   14244,  2,         4
   14931,  2,         5
   14932,  2,         5
   14933,  2,         5
   14934,  2,         5
   14935,  2,         5
   15205,  2,        27
   16686,  2,        27
   18792,  2,         5
   18801,  2,         4
   18814,  2,         5
   18844,  2,         8
    1904,  2,        71
    1905,  2,        70
    1906,  2,        73
    1937,  2,        68
    1938,  2,        71
    1978,  2,        70
    1983,  2,        63
    5803,  2,        74
    9775,  2,         6
    9860,  2,         5
    9861,  2,         5
    9862,  2,         5
    9863,  2,         4
    9864,  2,         4
    9940,  2,         5
    9941,  2,         4
    9942,  2,         4
    9943,  2,         4
    9944,  2,         4
   10020,  2,         4
   10021,  2,         4
   10022,  2,         4
   10023,  2,         4
   10024,  2,         4
   10326,  2,        38
   10902,  2,        38
   12638,  2,        33
   13050,  2,        37
   13351,  2,        37
   13731,  2,        37
   14478,  2,        33
   14651,  2,         7
   15206,  2,        30
   15401,  2,         5
   15402,  2,         5
   15403,  2,         5
   15926,  2,        33
   16690,  2,        31
   16924,  2,        27
   18784,  2,         7
   18799,  2,         5
   18800,  2,         5
   19610,  2,         8
   20324,  2,         3
   20964,  2,         9
   20965,  2,         9
    1976,  2,        67
    1977,  2,        75
    1982,  2,        68
    5770,  2,        68
    5771,  2,        71
    5789,  2,        69
    5799,  2,        75
    5946,  2,        61
    5947,  2,        63
    9762,  2,         8
    9769,  2,         8
    9770,  2,         8
    9776,  2,         6
    9835,  2,         5
    9965,  2,        12
    9966,  2,         4
    9967,  2,         4
    9968,  2,         4
    9969,  2,         4
   11913,  2,        64
   13154,  2,        59
   13163,  2,        37
   13348,  2,        37
   13355,  2,        38
   13730,  2,        40
   13733,  2,        38
   16736,  2,        20
   16807,  2,         9
   20568,  2,         7
   21280,  2,        23
   21281,  2,        20
   21309,  2,        25
   21509,  2,        27
    1847,  2,        73
    1867,  2,        76
    1876,  2,        74
    5765,  2,        73
    5772,  2,        71
    5780,  2,        66
    5781,  2,        72
    5788,  2,        70
    5804,  2,        77
    5913,  2,        64
    5914,  2,        65
    5918,  2,        63
    5941,  2,        61
    5942,  2,        63
    9756,  2,         8
    9763,  2,         6
    9771,  2,         7
    9772,  2,         7
    9777,  2,         5
    9778,  2,         5
    9779,  2,         5
    9786,  2,         7
    9787,  2,         7
    9810,  2,         5
    9836,  2,         5
    9837,  2,         5
    9838,  2,         4
    9839,  2,         4
    9880,  2,         5
    9881,  2,         5
    9882,  2,         4
    9883,  2,         4
    9884,  2,         4
    9911,  2,         4
    9912,  2,         4
    9913,  2,         4
    9914,  2,         4
   10679,  2,        40
   10903,  2,        39
   12834,  2,        58
   13041,  2,        55
   13160,  2,        37
   15397,  2,         5
   15398,  2,         5
   15399,  2,         5
   16523,  2,        28
   16887,  2,        18
   16888,  2,        18
   16936,  2,        14
   20035,  2,         5
   20974,  2,        10
    5766,  2,        69
    5779,  2,        74
    5790,  2,        76
    5910,  2,        66
    5911,  2,        64
    5915,  2,        63
    5945,  2,        67
    9129,  2,        41
    9757,  2,         6
    9764,  2,         6
    9785,  2,         7
    9788,  2,         6
    9789,  2,         6
    9811,  2,         5
    9812,  2,         5
    9855,  2,         7
    9856,  2,         7
    9857,  2,         7
    9910,  2,         6
   10320,  2,        41
   10321,  2,        39
   10322,  2,        39
   10327,  2,        39
   11318,  2,        68
   11967,  2,        36
   11968,  2,        36
   11969,  2,        36
   12354,  2,        62
   12523,  2,        34
   12526,  2,        34
   12640,  2,        35
   13153,  2,        63
   13335,  2,        62
   13336,  2,        54
   13970,  2,         3
   13971,  2,         3
   13972,  2,         3
   14477,  2,        33
   15198,  2,        33
   15201,  2,        31
   15202,  2,        31
   16383,  2,        27
   16687,  2,        28
   16801,  2,         4
   16806,  2,         4
   16890,  2,        18
   16891,  2,        18
   16920,  2,        30
   19625,  2,         7
   19644,  2,         5
   19860,  2,         3
   19864,  2,         3
   20599,  2,         4
       2,  2,        89
    1848,  2,        73
    1981,  2,        68
    5757,  2,        71
    5758,  2,        68
    5761,  2,        76
    5762,  2,        70
    5909,  2,        69
    5912,  2,        65
    5916,  2,        61
    5919,  2,        65
    5920,  2,        60
    5921,  2,        60
    9750,  2,         9
    9813,  2,         4
    9814,  2,         4
    9858,  2,         6
    9859,  2,         6
   10050,  2,         4
   10051,  2,         4
   10052,  2,         4
   10053,  2,         4
   12639,  2,        35
   12833,  2,        66
   13040,  2,        67
   13167,  2,        42
   13168,  2,        45
   13346,  2,        43
   13349,  2,        41
   13352,  2,        39
   13721,  2,        61
   13722,  2,        57
   14481,  2,        33
   14647,  2,         7
   15196,  2,        30
   15197,  2,        30
   15200,  2,        33
   16444,  2,        26
   16551,  2,        29
   16628,  2,         4
   16733,  2,        21
   16796,  2,         5
   16884,  2,        18
   16885,  2,        18
   19607,  2,         5
   19608,  2,         5
   19609,  2,         5
   19627,  2,         7
   19628,  2,        11
   19645,  2,         5
   19659,  2,         4
    1849,  2,        77
    1868,  2,        83
    1980,  2,        69
    5763,  2,        79
    5764,  2,        77
    5794,  2,        78
    5795,  2,        75
    5805,  2,        77
    5891,  2,        65
    5896,  2,        64
    5897,  2,        66
    5917,  2,        64
    5922,  2,        64
    9130,  2,        42
   10316,  2,        44
   10317,  2,        42
   10323,  2,        42
   11317,  2,        71
   11907,  2,        63
   11963,  2,        38
   11964,  2,        37
   11965,  2,        37
   12399,  2,        38
   12489,  2,        60
   12520,  2,        34
   13164,  2,        45
   13729,  2,        41
   13978,  2,         5
   13979,  2,         5
   13980,  2,         5
   14473,  2,        34
   14480,  2,        31
   14643,  2,         5
   16381,  2,        28
   16522,  2,        34
   16545,  2,        26
   16548,  2,        30
   16837,  2,        30
   16922,  2,        32
   18815,  2,         5
   19643,  2,         5
   19662,  2,         4
    1850,  2,        75
    1851,  2,        75
    1869,  2,        73
    5756,  2,        80
    5760,  2,        79
    5862,  2,        62
    5874,  2,        68
    5892,  2,        69
    5898,  2,        68
    5940,  2,        67
    5944,  2,        67
    9131,  2,        42
   11970,  2,        44
   12641,  2,        36
   12832,  2,        68
   13152,  2,        71
   13165,  2,        43
   13334,  2,        66
   16623,  2,         4
   16730,  2,        24
   16791,  2,         3
   16808,  2,         4
   16809,  2,         4
   16810,  2,         4
   16819,  2,        33
     583,  2,       138
    1822,  2,        84
    1975,  2,        75
    5755,  2,        82
    5759,  2,        84
    5767,  2,        85
    5778,  2,        83
    5796,  2,        90
    5861,  2,        63
    5893,  2,        66
    5895,  2,        64
    5937,  2,        67
    5939,  2,        68
    9132,  2,        42
   10318,  2,        43
   12347,  2,        69
   12355,  2,        59
   12410,  2,        41
   13039,  2,        71
   13045,  2,        47
   13161,  2,        44
   14476,  2,        34
   14479,  2,        32
   14655,  2,         5
   15975,  2,        32
   16746,  2,        20
   16747,  2,        20
   16916,  2,        37
   16918,  2,        36
   16993,  2,        10
   18797,  2,         8
   18798,  2,         5
   19571,  2,         3
   19572,  2,         3
   19606,  2,         9
   19621,  2,         7
   19847,  2,         6
      24,  2,        97
     528,  2,       143
    1974,  2,        75
    5776,  2,        84
    5777,  2,        80
    5787,  2,        88
    5908,  2,        68
    5936,  2,        70
   11316,  2,        75
   12488,  2,        71
   12866,  2,        37
   13162,  2,        44
   13329,  2,        68
   13333,  2,        73
   13560,  2,         5
   13720,  2,        68
   13982,  2,         3
   13983,  2,         3
   13984,  2,         3
   14404,  2,        68
   14469,  2,        37
   14475,  2,        33
   15972,  2,        34
   15974,  2,        32
   16382,  2,        32
   16618,  2,         5
   16803,  2,         5
   16830,  2,        36
   16835,  2,        34
   18816,  2,         5
   21308,  2,        25
      25,  2,        90
      35,  2,        91
    1216,  2,       121
    1823,  2,        89
    5768,  2,        86
    5785,  2,        87
    5786,  2,        89
    5860,  2,        71
    5879,  2,        71
    5882,  2,        68
    5894,  2,        66
    9906,  2,         8
    9907,  2,         6
    9908,  2,         6
    9909,  2,         6
   10312,  2,        44
   11906,  2,        72
   12346,  2,        76
   12487,  2,        73
   12819,  2,         8
   12838,  2,        46
   13047,  2,        45
   13151,  2,        75
   14472,  2,        35
   14644,  2,         5
   14645,  2,         5
   14646,  2,         5
   14648,  2,         5
   14649,  2,         5
   14650,  2,         5
   16502,  2,         9
   20967,  2,        16
   20975,  2,        13
      63,  2,        97
     126,  2,        96
    1824,  2,        85
    1866,  2,        79
    1870,  2,        83
    5769,  2,        90
    5877,  2,        69
    5878,  2,        71
    5880,  2,        69
    5881,  2,        67
    5935,  2,        71
    8365,  2,         8
    8366,  2,         8
    8417,  2,        11
    8418,  2,         9
    8419,  2,         9
    8420,  2,         9
    9133,  2,        47
    9780,  2,         8
    9830,  2,         7
   10916,  2,        51
   11315,  2,        76
   11905,  2,        78
   11959,  2,        42
   11960,  2,        42
   11961,  2,        41
   12345,  2,        74
   12486,  2,        77
   12605,  2,        76
   12606,  2,        72
   12830,  2,        72
   12867,  2,        39
   13038,  2,        72
   13083,  2,        40
   13150,  2,        71
   13332,  2,        73
   13345,  2,        46
   13347,  2,        49
   13717,  2,        72
   13719,  2,        72
   13803,  2,        39
   13805,  2,        39
   14403,  2,        65
   14467,  2,        36
   14490,  2,        35
   14494,  2,        35
   15227,  2,        36
   15969,  2,        37
   15971,  2,        33
   16838,  2,        33
      26,  2,        92
     532,  2,       105
    1825,  2,        85
    1865,  2,        84
    5875,  2,        66
    5876,  2,        69
    5943,  2,        69
    5972,  2,        74
    8367,  2,         8
    8368,  2,         9
    8415,  2,        10
    8416,  2,        10
    9176,  2,        51
    9189,  2,        48
    9781,  2,         8
    9782,  2,         8
    9806,  2,         8
    9831,  2,         7
    9832,  2,         7
   10313,  2,        44
   10314,  2,        47
   10319,  2,        48
   10892,  2,        50
   10919,  2,        48
   11368,  2,        44
   11369,  2,        44
   11370,  2,        49
   12831,  2,        77
   13046,  2,        46
   13799,  2,        38
   13806,  2,        40
   13807,  2,        41
   14471,  2,        36
   14486,  2,        38
   14498,  2,        38
   15219,  2,        38
   15223,  2,        40
   15967,  2,        32
   15968,  2,        32
   16380,  2,        30
   16743,  2,        24
   16744,  2,        24
   16911,  2,        12
   19626,  2,         7
   19838,  2,         2
   19839,  2,         2
      34,  2,        95
    1826,  2,        86
    1871,  2,        90
    1900,  2,        79
    1979,  2,        77
    2197,  9,       158
    5859,  2,        69
    8358,  2,        10
    8359,  2,        12
    8360,  2,        10
    8369,  2,         7
    8370,  2,         7
    8371,  2,         7
    9807,  2,         8
    9808,  2,         8
    9833,  2,         9
    9834,  2,         7
   11904,  2,        81
   12880,  2,        42
   13802,  2,        38
   14468,  2,        38
   15215,  2,        37
   15225,  2,        36
   15226,  2,        38
   16559,  2,        29
   16745,  2,        24
   16818,  2,        38
   16829,  2,        37
   16910,  2,        12
   18817,  2,         5
   19754,  2,         4
   19840,  2,         8
   19848,  2,         4
   19849,  2,         4
   20970,  2,        13
   20977,  2,        15
   20978,  2,        14
      15,  2,        97
     431,  2,       134
    1899,  2,        84
    1991,  2,       112
    2026,  2,        80
    2980,  9,       174
    2998,  9,       186
    5938,  2,        74
    8316,  2,         9
    8317,  2,        13
    8318,  2,         9
    8319,  2,         9
    8351,  2,        10
    8352,  2,         8
    8361,  2,        15
    8362,  2,        14
    8363,  2,        12
    8364,  2,        12
    8414,  2,        12
    9170,  2,        50
    9783,  2,        10
    9805,  2,         8
    9935,  2,         9
    9936,  2,         6
    9937,  2,         6
    9938,  2,         6
    9939,  2,         6
    9961,  2,         6
    9962,  2,         6
    9963,  2,         6
    9964,  2,         6
    9991,  2,         4
    9992,  2,         4
    9993,  2,         4
    9994,  2,         4
   10913,  2,        46
   11364,  2,        44
   11365,  2,        44
   12344,  2,        86
   12406,  2,        47
   12648,  2,        36
   12650,  2,        37
   12651,  2,        36
   12869,  2,        41
   12872,  2,        44
   12876,  2,        36
   12877,  2,        37
   12882,  2,        38
   12883,  2,        43
   13037,  2,        76
   13080,  2,        41
   13149,  2,        77
   13716,  2,        76
   13718,  2,        78
   15224,  2,        34
   15970,  2,        35
   15973,  2,        35
   16363,  2,        43
   16740,  2,        22
   16741,  2,        25
   16742,  2,        24
   16775,  2,        12
   16781,  2,         8
   18818,  2,         5
   19340,  2,         4
   19341,  2,         4
   19342,  2,         4
   19553,  2,         8
   19590,  2,         3
   19591,  2,         3
   19592,  2,         3
   19593,  2,         3
   19641,  2,         6
   19723,  2,         7
   19842,  2,         2
   19843,  2,         2
   19845,  2,         2
   19846,  2,         2
   19901,  2,         6
   20968,  2,        17
   20981,  2,        12
     331,  9,       247
     485,  2,       139
    2047,  2,       108
    2353,  9,       230
    2364,  9,       229
    2365,  9,       221
    2373,  9,       164
    2775,  9,       236
    2895,  9,       228
    2898,  9,       225
    2900,  9,       228
    2901,  9,       242
    5873,  2,        68
    8267,  2,         9
    8268,  2,        13
    8269,  2,         9
    8270,  2,         9
    8309,  2,         9
    8310,  2,         9
    8311,  2,         9
    8312,  2,         9
    8313,  2,         9
    8320,  2,        13
    8321,  2,        10
    8322,  2,        10
    8353,  2,         9
    8354,  2,         9
    8355,  2,        11
    8356,  2,         8
    8357,  2,         8
    8403,  2,        10
    8404,  2,        11
    8405,  2,         9
    8406,  2,         9
    9809,  2,         7
    9905,  2,         7
    9960,  2,        12
   10315,  2,        50
   11310,  2,        84
   11314,  2,        83
   12537,  2,        37
   12647,  2,        39
   12875,  2,        36
   12878,  2,        39
   12879,  2,        36
   12881,  2,        39
   13036,  2,        85
   13159,  2,        49
   13344,  2,        52
   13801,  2,        38
   16387,  2,        31
   16521,  2,        42
   16777,  2,        14
   16780,  2,         8
   16820,  2,        44
   16833,  2,        33
   16909,  2,        12
   16919,  2,        36
   20976,  2,        14
   20987,  2,        13
      43,  2,        97
      51,  9,       247
      74,  9,       239
     222,  2,       115
    1862,  2,        93
    1863,  2,        85
    1864,  2,        84
    1897,  2,        89
    1898,  2,        85
    2289,  9,       229
    2886,  9,       133
    5872,  2,        69
    8218,  2,        11
    8219,  2,        11
    8220,  2,        11
    8221,  2,         9
    8271,  2,        11
    8272,  2,        13
    8273,  2,        10
    8302,  2,         9
    8303,  2,         9
    8304,  2,         9
    8305,  2,         9
    8314,  2,        11
    8315,  2,         8
    8344,  2,        10
    8345,  2,        10
    8346,  2,         9
    8401,  2,         8
    8402,  2,        10
    8410,  2,        10
    8411,  2,        10
    8412,  2,         9
    8413,  2,         9
    8465,  2,         7
    8466,  2,         7
    8467,  2,         7
    8468,  2,         7
    8469,  2,         7
    9123,  2,        52
    9744,  2,         8
    9751,  2,         9
    9758,  2,         7
    9765,  2,         7
    9784,  2,         9
    9931,  2,         6
    9932,  2,         4
    9933,  2,         4
    9934,  2,         4
    9990,  2,         7
   10875,  2,        49
   11903,  2,        87
   11990,  2,        47
   12343,  2,        81
   12536,  2,        38
   12645,  2,        36
   12870,  2,        46
   13035,  2,        84
   13085,  2,        38
   13146,  2,        85
   13331,  2,        75
   14497,  2,        44
   15212,  2,        39
   15221,  2,        36
   15984,  2,        35
   16385,  2,        32
   16562,  2,        27
   16776,  2,        12
   16804,  2,         6
   16805,  2,         5
   16886,  2,        25
   18804,  2,         4
   18805,  2,         4
   18806,  2,         4
   19755,  2,         3
   19924,  2,         9
   19927,  2,         9
      38,  2,        96
     125,  2,       119
    1798,  2,        90
    1838,  2,        88
    1990,  2,       117
    2025,  2,        80
    2356,  9,       143
    2372,  9,       145
    2393,  9,       174
    2442,  9,       241
    2452,  9,       141
    5871,  2,        72
    5956,  2,        74
    8222,  2,         9
    8260,  2,         9
    8261,  2,         9
    8262,  2,        11
    8263,  2,        11
    8264,  2,        11
    8306,  2,         9
    8307,  2,        11
    8308,  2,         8
    8347,  2,         9
    8348,  2,        11
    8349,  2,         8
    8350,  2,         8
    8396,  2,        10
    8397,  2,         9
    8398,  2,         9
    8399,  2,         9
    8409,  2,         8
    8463,  2,        14
    8464,  2,        10
    8514,  2,         9
    8515,  2,         7
    8516,  2,         7
    8517,  2,         7
    8518,  2,         7
    9183,  2,        50
    9190,  2,        52
    9230,  2,        49
    9752,  2,        10
    9766,  2,         6
    9773,  2,        12
    9930,  2,         5
    9956,  2,         4
    9957,  2,         4
    9958,  2,         4
    9959,  2,         4
   10016,  2,         4
   10017,  2,         4
   10018,  2,         4
   10019,  2,         4
   10340,  2,        48
   11311,  2,        89
   11312,  2,        87
   11313,  2,        88
   11360,  2,        46
   11361,  2,        47
   11902,  2,        95
   12341,  2,        85
   12414,  2,        45
   12483,  2,        87
   12484,  2,        90
   12485,  2,        84
   12602,  2,        88
   12604,  2,        79
   12644,  2,        37
   12829,  2,        83
   12868,  2,        44
   13034,  2,        85
   13075,  2,        42
   13084,  2,        41
   13087,  2,        39
   13088,  2,        39
   13148,  2,        83
   13330,  2,        77
   13795,  2,        41
   14495,  2,        40
   14496,  2,        42
   15220,  2,        34
   15222,  2,        37
   15983,  2,        33
   16561,  2,        24
   16739,  2,        25
   16883,  2,        28
   16889,  2,        23
   16917,  2,        42
   18819,  2,         7
   18846,  2,         3
   18847,  2,         3
   18848,  2,         4
   19400,  2,         4
   19569,  2,         7
   19586,  2,         3
   19587,  2,         3
   19588,  2,         3
   19589,  2,         3
   19756,  2,         5
   19835,  2,         5
   19836,  2,         5
   19999,  2,         4
   20000,  2,         4
   20001,  2,         4
    1842,  2,        91
    2046,  2,       114
    2094,  9,       170
    2104,  2,       110
    2105,  2,       103
    2203,  9,       159
    2207,  9,       145
    2212,  9,       141
    2229,  9,       171
    2230,  9,       178
    2267,  9,       159
    2291,  9,       233
    2350,  9,       151
    2361,  9,       144
    2437,  9,       171
    2516,  9,       153
    2524,  9,       151
    2541,  9,       149
    2561,  9,       139
    2625,  9,       158
    2983,  9,       180
    5953,  2,        86
    5954,  2,        73
    5957,  2,        74
    8169,  2,         9
    8253,  2,         9
    8265,  2,        11
    8400,  2,         8
    8408,  2,         8
    8461,  2,        11
    8462,  2,        11
    9124,  2,        57
    9125,  2,        53
    9126,  2,        56
    9192,  2,        53
    9193,  2,        51
   10671,  2,        51
   11357,  2,        49
   11387,  2,        49
   11899,  2,        91
   11900,  2,        86
   11978,  2,        50
   11982,  2,        48
   12342,  2,        90
   12418,  2,        48
   12492,  2,        51
   12603,  2,        85
   12826,  2,        84
   12828,  2,        85
   13225,  2,        45
   13798,  2,        41
   13824,  2,        40
   14493,  2,        44
   15213,  2,        41
   15214,  2,        49
   15231,  2,        45
   15235,  2,        43
   15239,  2,        43
   15980,  2,        33
   16556,  2,        33
   16558,  2,        27
   16560,  2,        29
   16577,  2,        13
   16779,  2,        10
   16800,  2,         6
   16826,  2,        41
   16938,  2,        24
   16939,  2,        17
   18803,  2,         6
   19568,  2,         5
   19921,  2,        14
      27,  2,        98
     170,  2,       102
    1837,  2,        90
    1839,  2,        93
    1880,  9,       228
    1973,  2,        84
    2053,  2,       116
    2106,  2,       108
    2168,  2,       121
    2169,  2,       109
    2170,  2,       107
    2300,  2,       114
    2517,  9,       153
    2523,  9,       148
    2557,  9,       254
    2621,  9,       150
    2624,  9,       150
    2756,  9,       174
    2757,  9,       186
    2760,  9,       165
    2779,  9,       172
    2781,  9,       168
    2882,  9,       174
    2911,  9,       170
    2924,  9,       187
    3022,  9,       165
    5932,  2,        76
    5955,  2,        73
    5967,  2,        82
    6589,  2,        57
    8213,  2,         9
    8223,  2,        13
    8254,  2,         9
    8255,  2,        11
    8256,  2,         9
    8266,  2,        11
    8295,  2,         9
    8296,  2,         9
    8395,  2,         8
    8407,  2,         8
    8460,  2,        14
    8513,  2,         8
    9191,  2,        54
   10015,  2,         8
   10333,  2,        51
   10336,  2,        48
   10337,  2,        53
   10341,  2,        53
   10682,  2,        52
   10878,  2,        50
   10911,  2,        51
   10914,  2,        47
   10917,  2,        47
   11356,  2,        48
   11366,  2,        48
   11901,  2,        88
   11977,  2,        48
   11986,  2,        46
   12491,  2,        53
   12642,  2,        47
   12649,  2,        38
   12827,  2,        85
   13090,  2,        40
   13228,  2,        44
   13413,  2,        47
   13417,  2,        47
   13421,  2,        45
   13434,  2,        48
   13438,  2,        50
   13797,  2,        39
   14491,  2,        40
   14492,  2,        43
   14514,  2,        44
   15216,  2,        37
   15237,  2,        34
   15242,  2,        34
   15372,  2,        10
   15977,  2,        33
   15981,  2,        35
   16554,  2,        31
   16555,  2,        29
   16557,  2,        29
   16679,  2,        41
   16682,  2,        40
   16795,  2,        11
   16821,  2,        49
   16899,  2,        23
   16900,  2,        23
   19550,  2,         8
   19832,  2,         3
   19833,  2,         3
   19834,  2,         3
   20180,  2,         5
      53,  2,       129
     189,  9,       228
     221,  2,       129
     253,  9,       234
    2024,  2,        82
    2052,  2,       114
    2057,  9,       182
    2214,  9,       212
    2288,  9,       209
    2374,  9,       212
    2458,  9,       212
    2555,  9,       226
    2574,  9,       184
    2575,  9,       228
    2616,  9,       148
    2623,  9,       156
    2754,  9,       171
    2778,  9,       165
    3102,  9,       163
    5928,  2,        75
    6588,  2,        58
    6785,  2,        58
    8211,  2,        12
    8212,  2,         9
    8214,  2,         9
    8215,  2,         9
    8257,  2,         9
    8258,  2,         9
    8297,  2,        11
    8298,  2,         9
    8299,  2,         9
    8300,  2,         9
    8394,  2,         8
    8563,  2,         5
    8564,  2,         5
    8565,  2,         5
    8566,  2,         5
    8567,  2,         5
    9127,  2,        50
    9164,  2,        53
    9759,  2,         7
   10680,  2,        56
   11383,  2,        52
   12480,  2,        90
   12481,  2,        90
   12533,  2,        41
   12534,  2,        39
   12599,  2,        91
   12600,  2,        89
   12824,  2,        92
   12825,  2,        90
   13032,  2,        84
   13033,  2,        88
   13076,  2,        44
   13089,  2,        50
   13091,  2,        44
   13147,  2,        85
   13158,  2,        53
   13217,  2,        49
   13219,  2,        39
   13232,  2,        43
   13234,  2,        51
   13408,  2,        46
   13409,  2,        48
   13412,  2,        49
   13420,  2,        45
   13430,  2,        48
   13446,  2,        42
   13793,  2,        46
   13794,  2,        44
   13816,  2,        47
   13820,  2,        47
   13831,  2,        38
   14505,  2,        40
   14509,  2,        40
   14510,  2,        45
   14513,  2,        40
   15218,  2,        41
   15230,  2,        41
   15233,  2,        36
   16487,  2,        30
   16644,  2,        49
   16665,  2,        57
   16672,  2,        59
   16676,  2,        39
   16956,  2,        21
   20160,  2,         6
     197,  2,       107
     223,  2,       115
    1679,  9,       244
    1992,  2,       106
    2045,  2,       113
    2232,  2,       125
    2301,  2,       106
    2383,  2,       105
    2453,  9,       217
    2468,  9,       171
    2548,  9,       158
    2565,  9,       217
    2663,  9,       176
    2664,  9,       184
    2665,  9,       183
    2720,  9,       153
    2722,  9,       153
    2723,  9,       152
    2724,  9,       159
    2725,  9,       153
    2726,  9,       153
    2755,  9,       194
    2824,  9,       162
    2825,  9,       160
    2827,  9,       160
    2870,  9,       184
    2887,  9,       137
    3002,  9,       198
    3023,  9,       223
    3091,  9,       175
    3101,  9,       167
    3117,  9,       202
    3196,  9,       176
    3197,  9,       174
    3454,  9,       174
    3488,  9,       161
    3609,  9,       156
    3638,  9,       165
    3791,  9,       169
    5929,  2,        77
    6521,  2,        59
    6596,  2,        59
    8216,  2,        12
    8259,  2,        11
    8301,  2,        11
    8339,  2,         9
    8457,  2,        12
    8512,  2,         8
    9184,  2,        53
    9760,  2,         6
   10328,  2,        53
   10329,  2,        54
   10331,  2,        58
   10332,  2,        49
   10342,  2,        53
   11362,  2,        49
   11379,  2,        54
   11386,  2,        50
   12339,  2,        89
   12340,  2,        96
   12417,  2,        43
   12482,  2,        89
   12531,  2,        44
   12601,  2,        88
   12873,  2,        51
   13086,  2,        46
   13092,  2,        49
   13212,  2,        47
   13216,  2,        47
   13221,  2,        45
   13231,  2,        46
   13246,  2,        40
   13407,  2,        47
   13411,  2,        45
   13416,  2,        45
   13419,  2,        45
   13450,  2,        42
   13812,  2,        49
   13835,  2,        42
   14487,  2,        41
   14501,  2,        42
   14508,  2,        37
   14512,  2,        37
   15217,  2,        39
   15229,  2,        36
   15238,  2,        36
   15380,  2,         8
   16669,  2,        57
   16798,  2,         7
   16828,  2,        40
   16896,  2,        22
   16897,  2,        22
   19547,  2,         5
   19941,  2,         8
   19944,  2,         6
      10,  2,       126
      12,  2,       119
      37,  2,       104
     171,  2,       104
     220,  2,       126
     328,  9,       242
     382,  9,       239
    1722,  9,       190
    1896,  2,        91
    2281,  9,       165
    2450,  9,       189
    2585,  9,       220
    2633,  9,       168
    2658,  9,       208
    2667,  9,       225
    2763,  9,       223
    2828,  9,       162
    2873,  9,       192
    2879,  9,       192
    2972,  9,       187
    2973,  9,       207
    2978,  9,       177
    2981,  9,       179
    2985,  9,       183
    2997,  9,       193
    3001,  9,       199
    3003,  9,       202
    3004,  9,       206
    3012,  9,       184
    3034,  9,       223
    3086,  9,       167
    3097,  9,       195
    3099,  9,       181
    3100,  9,       177
    3103,  9,       184
    3129,  9,       160
    3154,  9,       227
    3192,  9,       174
    3195,  9,       180
    3198,  9,       183
    3342,  9,       160
    3405,  9,       175
    3406,  9,       160
    3421,  9,       161
    3483,  9,       164
    3484,  9,       162
    3485,  9,       159
    3486,  9,       161
    3487,  9,       166
    3489,  9,       160
    3490,  9,       161
    3491,  9,       157
    3631,  9,       164
    3640,  9,       165
    3792,  9,       170
    3801,  9,       162
    5931,  2,        77
    6511,  2,        61
    8338,  2,         9
    8340,  2,        11
    8459,  2,        12
    9225,  2,        53
   11358,  2,        56
   11375,  2,        54
   11382,  2,        50
   12416,  2,        43
   12530,  2,        44
   13081,  2,        47
   13203,  2,        46
   13204,  2,        47
   13208,  2,        48
   13213,  2,        52
   13215,  2,        46
   13222,  2,        51
   13223,  2,        43
   13224,  2,        44
   13227,  2,        46
   13250,  2,        42
   13424,  2,        43
   13426,  2,        48
   13454,  2,        42
   13563,  2,         8
   13828,  2,        43
   14897,  2,         6
   14898,  2,         6
   14899,  2,         6
   14900,  2,         6
   15234,  2,        39
   15241,  2,        39
   15243,  2,        41
   15978,  2,        38
   16445,  2,        32
   16639,  2,        45
   16680,  2,        45
   16683,  2,        41
   16778,  2,        13
   16836,  2,        49
   18855,  2,         8
      16,  2,       103
      36,  2,       105
     169,  2,       103
     172,  2,       103
     194,  2,       104
     198,  2,       106
     214,  9,       245
     284,  9,       253
     327,  9,       240
     375,  9,       248
    1718,  2,       100
    1840,  2,       103
    1989,  2,       126
    2093,  9,       203
    2537,  9,       157
    2713,  9,       157
    2749,  9,       204
    2752,  9,       193
    2753,  9,       193
    2774,  9,       223
    2820,  9,       165
    2839,  9,       166
    2855,  9,       187
    2857,  9,       192
    2859,  9,       199
    2860,  9,       192
    2883,  9,       193
    2919,  9,       248
    2976,  9,       195
    2977,  9,       188
    2979,  9,       178
    2996,  9,       203
    3007,  9,       203
    3085,  9,       169
    3087,  9,       174
    3088,  9,       172
    3098,  9,       184
    3105,  9,       230
    3107,  9,       178
    3114,  9,       198
    3119,  9,       172
    3136,  9,       199
    3194,  9,       189
    3203,  9,       167
    3251,  9,       179
    3252,  9,       187
    3269,  9,       171
    3307,  9,       192
    3310,  9,       180
    3325,  9,       184
    3326,  9,       180
    3329,  9,       159
    3330,  9,       161
    3331,  9,       162
    3333,  9,       165
    3334,  9,       165
    3335,  9,       159
    3336,  9,       159
    3341,  9,       161
    3395,  9,       170
    3469,  9,       166
    3540,  9,       165
    3613,  9,       160
    3622,  9,       153
    3623,  9,       155
    3624,  9,       162
    3626,  9,       155
    3639,  9,       163
    3793,  9,       163
    3794,  9,       165
    5887,  2,        86
    5930,  2,        78
    6678,  2,        61
    8204,  2,        13
    8224,  2,        15
    8246,  2,        13
    8247,  2,        15
    8337,  2,         9
    8341,  2,        11
    8342,  2,        10
    8343,  2,         8
    8393,  2,         9
    8456,  2,        12
    8458,  2,        12
    8507,  2,        13
    8508,  2,         9
    8509,  2,         9
    8510,  2,         9
    8511,  2,         9
    8557,  2,         5
    8558,  2,         5
    8559,  2,         5
    8560,  2,         5
    9185,  2,        54
    9186,  2,        60
    9226,  2,        57
    9745,  2,        11
   10330,  2,        56
   10334,  2,        58
   10338,  2,        56
   10876,  2,        56
   10881,  2,        56
   10925,  2,        51
   10928,  2,        53
   11374,  2,        51
   11378,  2,        52
   12413,  2,        45
   13077,  2,        48
   13078,  2,        45
   13209,  2,        54
   13230,  2,        49
   13415,  2,        45
   13423,  2,        46
   13427,  2,        46
   13442,  2,        45
   13832,  2,        43
   13839,  2,        42
   14488,  2,        43
   14489,  2,        45
   15376,  2,         8
   16576,  2,        14
   16825,  2,        44
   16831,  2,        48
   16834,  2,        43
   18856,  2,         7
   18857,  2,         9
   19343,  2,         7
   19640,  2,         6
     160,  9,       280
     195,  2,       106
     196,  2,       104
     259,  2,       133
     388,  9,       171
     396,  9,       161
     428,  9,       249
     430,  2,       138
     442,  9,       166
     479,  2,       139
     884,  9,       162
     928,  9,       161
    1095,  9,       162
    1894,  2,        94
    1895,  2,        90
    2020,  2,        93
    2041,  2,       125
    2042,  2,       129
    2102,  2,       127
    2103,  2,       124
    2107,  2,       116
    2171,  2,       110
    2233,  2,       124
    2234,  2,       124
    2380,  2,       118
    2429,  9,       265
    2485,  2,       123
    2709,  9,       163
    2714,  9,       157
    2810,  9,       166
    2856,  9,       199
    2858,  9,       200
    2876,  9,       208
    2877,  9,       212
    2878,  9,       207
    2923,  9,       206
    2974,  9,       202
    2975,  9,       187
    2987,  9,       193
    2988,  9,       189
    2999,  9,       204
    3016,  9,       232
    3019,  9,       227
    3047,  9,       236
    3050,  9,       166
    3089,  9,       171
    3090,  9,       178
    3120,  9,       175
    3156,  9,       234
    3199,  9,       196
    3204,  9,       171
    3208,  9,       163
    3209,  9,       157
    3216,  9,       163
    3218,  9,       161
    3222,  9,       154
    3322,  9,       177
    3323,  9,       185
    3324,  9,       186
    3328,  9,       169
    3332,  9,       164
    3337,  9,       165
    3338,  9,       165
    3339,  9,       158
    3340,  9,       156
    3356,  9,       157
    3357,  9,       156
    3407,  9,       248
    3422,  9,       165
    3457,  9,       179
    3471,  9,       154
    3472,  9,       154
    3476,  9,       162
    3477,  9,       169
    3492,  9,       159
    3493,  9,       159
    3494,  9,       153
    3546,  9,       163
    3547,  9,       157
    3608,  9,       168
    3610,  9,       163
    3611,  9,       164
    3625,  9,       161
    6117,  2,        90
    6522,  2,        61
    6590,  2,        60
    8248,  2,        12
    8288,  2,         9
    8289,  2,         9
    8453,  2,        14
    8454,  2,        10
    8455,  2,        10
    8506,  2,        11
    9218,  2,        60
    9220,  2,        58
    9221,  2,        62
    9224,  2,        57
    9228,  2,        56
    9986,  2,         6
    9987,  2,         6
    9988,  2,         6
    9989,  2,         6
   10343,  2,        54
   10681,  2,        53
   10915,  2,        57
   10918,  2,        53
   10922,  2,        51
   12359,  2,        55
   12646,  2,        39
   12871,  2,        49
   12874,  2,        47
   13082,  2,        51
   13205,  2,        53
   13207,  2,        46
   13220,  2,        48
   13226,  2,        49
   13428,  2,        47
   13431,  2,        46
   13836,  2,        46
   14483,  2,        41
   14485,  2,        45
   14506,  2,        45
   16384,  2,        31
   16386,  2,        31
   16575,  2,        16
   16643,  2,        48
   16652,  2,        57
   16673,  2,        55
   16684,  2,        49
   16823,  2,        50
   16824,  2,        50
   16827,  2,        44
   19357,  2,         4
   19358,  2,         4
   19605,  2,         6
     121,  9,       273
     122,  9,       250
     146,  2,       105
     159,  9,       277
     359,  9,       244
     384,  9,       256
     429,  9,       253
     464,  9,       240
     478,  9,       261
     524,  9,       254
     529,  2,       126
     567,  9,       261
     923,  9,       171
     927,  9,       161
     932,  9,       160
     973,  9,       172
     978,  9,       163
    1699,  9,       282
    1843,  2,        98
    1844,  2,        92
    1987,  2,       132
    2108,  2,       126
    2167,  2,       124
    2260,  9,       277
    2274,  9,       280
    2346,  9,       270
    2378,  2,       128
    2388,  2,       121
    2410,  9,       260
    2411,  9,       257
    2423,  9,       277
    2431,  9,       272
    2461,  9,       197
    2474,  2,       136
    2475,  2,       121
    2613,  9,       276
    2614,  9,       267
    2710,  9,       157
    2812,  9,       156
    2817,  9,       170
    2986,  9,       193
    3018,  9,       250
    3049,  9,       163
    3071,  9,       170
    3121,  9,       169
    3128,  9,       172
    3193,  9,       191
    3205,  9,       161
    3206,  9,       163
    3207,  9,       165
    3215,  9,       164
    3217,  9,       174
    3219,  9,       159
    3221,  9,       168
    3223,  9,       162
    3247,  9,       161
    3303,  9,       174
    3315,  9,       162
    3316,  9,       164
    3317,  9,       161
    3327,  9,       162
    3344,  9,       156
    3397,  9,       163
    3408,  9,       163
    3439,  9,       179
    3458,  9,       186
    3468,  9,       172
    3473,  9,       162
    3474,  9,       151
    3475,  9,       154
    3478,  9,       163
    3479,  9,       163
    3480,  9,       164
    3481,  9,       158
    3531,  9,       162
    3602,  9,       180
    3617,  9,       166
    3618,  9,       163
    3619,  9,       164
    3620,  9,       160
    3621,  9,       162
    3628,  9,       173
    3973,  9,       158
    5888,  2,        82
    5907,  2,        83
    5933,  2,        78
    5934,  2,        77
    5971,  2,        79
    5982,  2,        82
    6113,  2,        87
    6114,  2,        91
    6115,  2,        91
    6116,  2,        91
    6679,  2,        60
    8162,  2,        10
    8170,  2,        10
    8205,  2,        14
    8249,  2,        12
    8250,  2,        12
    8290,  2,        11
    8291,  2,         9
    8292,  2,         9
    8293,  2,         9
    8389,  2,        12
    8390,  2,         8
    8391,  2,         8
    8392,  2,         8
    8562,  2,         9
    9227,  2,        56
    9753,  2,        11
    9955,  2,         8
    9985,  2,        10
   10011,  2,         5
   10012,  2,         5
   10013,  2,         5
   10014,  2,         5
   10349,  2,        54
   10352,  2,        56
   10683,  2,        58
   10687,  2,        53
   10912,  2,        55
   10927,  2,        50
   11989,  2,        45
   12409,  2,        46
   13044,  2,        54
   13242,  2,        45
   13449,  2,        38
   13453,  2,        38
   13810,  2,        46
   13814,  2,        48
   13818,  2,        46
   13821,  2,        42
   13823,  2,        46
   13840,  2,        46
   15982,  2,        32
   16648,  2,        56
   16649,  2,        58
   16653,  2,        54
   16681,  2,        52
   16822,  2,        48
   16832,  2,        52
      33,  2,       110
      88,  9,       242
     128,  2,       112
     188,  9,       279
     234,  9,       257
     235,  9,       263
     239,  9,       255
     273,  9,       254
     460,  9,       243
     461,  9,       253
     463,  9,       246
     472,  9,       275
     514,  9,       271
     515,  9,       255
     517,  9,       243
     520,  9,       248
     525,  9,       258
     566,  9,       258
     568,  9,       271
     569,  9,       260
     792,  9,       183
    1083,  9,       173
    1091,  9,       173
    1203,  9,       172
    1841,  2,        96
    1856,  9,       187
    1965,  9,       185
    1993,  2,       106
    2000,  2,       135
    2002,  2,       131
    2044,  2,       118
    2049,  2,       114
    2051,  2,       123
    2054,  2,       121
    2110,  2,       132
    2133,  9,       246
    2302,  2,       131
    2370,  9,       231
    2379,  2,       124
    2412,  9,       256
    2448,  9,       184
    2494,  9,       266
    2547,  9,       180
    2549,  9,       187
    2566,  9,       182
    2567,  9,       175
    2586,  9,       254
    2673,  9,       179
    2699,  9,       259
    2961,  9,       169
    3040,  9,       243
    3126,  9,       237
    3137,  9,       254
    3153,  9,       253
    3220,  9,       164
    3261,  9,       161
    3278,  9,       172
    3318,  9,       161
    3360,  9,       154
    3456,  9,       179
    3728,  9,       163
    3729,  9,       155
    3730,  9,       163
    3741,  9,       158
    3757,  9,       165
    3781,  9,       181
    3788,  9,       174
    3958,  9,       155
    3959,  9,       157
    5903,  2,        81
    5904,  2,        83
    6019,  2,        96
    8206,  2,        16
    8217,  2,        14
    8239,  2,        14
    8240,  2,        11
    8241,  2,        11
    8251,  2,        12
    8252,  2,        12
    8294,  2,        13
    8449,  2,         9
    8556,  2,         9
    9177,  2,        61
    9178,  2,        59
    9229,  2,        57
    9767,  2,         9
   10045,  2,         7
   10046,  2,         7
   10047,  2,         7
   10048,  2,         7
   10049,  2,         7
   10339,  2,        59
   10685,  2,        53
   10924,  2,        52
   11981,  2,        53
   11985,  2,        47
   12404,  2,        44
   12643,  2,        39
   13079,  2,        51
   13211,  2,        46
   13233,  2,        47
   13429,  2,        47
   13432,  2,        45
   13435,  2,        44
   13445,  2,        42
   13815,  2,        44
   13819,  2,        46
   13822,  2,        46
   13826,  2,        39
   13830,  2,        37
   13834,  2,        37
   13838,  2,        37
   14484,  2,        43
   14502,  2,        45
   15236,  2,        33
   15240,  2,        33
   15976,  2,        32
   15979,  2,        32
   16641,  2,        58
   16651,  2,        54
   16666,  2,        48
   19356,  2,         6
   19359,  2,         5
   19622,  2,         7
     120,  9,       263
     162,  9,       276
     163,  9,       266
     173,  2,       111
     211,  9,       260
     231,  9,       251
     432,  2,       144
     465,  9,       259
     702,  9,       259
     729,  9,       185
     783,  9,       178
     902,  9,       179
    1031,  9,       174
    1071,  9,       176
    1692,  9,       201
    1706,  9,       182
    1790,  2,        91
    1813,  2,        95
    1925,  9,       181
    1998,  2,       133
    1999,  2,       140
    2001,  2,       137
    2382,  2,       113
    2397,  2,       138
    2447,  9,       188
    2559,  9,       191
    2570,  9,       172
    2587,  9,       247
    2705,  9,       264
    2735,  9,       244
    2738,  9,       179
    2771,  9,       253
    2782,  9,       205
    2984,  9,       193
    3038,  9,       170
    3083,  9,       167
    3104,  9,       210
    3106,  9,       199
    3169,  9,       177
    3210,  9,       167
    3213,  9,       174
    3214,  9,       160
    3319,  9,       167
    3361,  9,       158
    3470,  9,       178
    3482,  9,       161
    3532,  9,       166
    3533,  9,       167
    3534,  9,       168
    3544,  9,       163
    3545,  9,       164
    3592,  9,       169
    3594,  9,       178
    3605,  9,       165
    3630,  9,       169
    3641,  9,       170
    3738,  9,       154
    3751,  9,       156
    3754,  9,       157
    3812,  9,       172
    3823,  9,       173
    3957,  9,       148
    5889,  2,        84
    5890,  2,        89
    5906,  2,        86
    6087,  2,        96
    6462,  2,        62
    8207,  2,        10
    8208,  2,        10
    8242,  2,        13
    8243,  2,        13
    8244,  2,        13
    8245,  2,        13
    8388,  2,         9
    8447,  2,         8
    8448,  2,         8
    8450,  2,         9
    8451,  2,         9
    8452,  2,        11
    8505,  2,        12
   10010,  2,        12
   11984,  2,        46
   11988,  2,        45
   12405,  2,        46
   12412,  2,        44
   13229,  2,        50
   13425,  2,        48
   13436,  2,        49
   13452,  2,        41
   13809,  2,        45
   13813,  2,        44
   13817,  2,        44
   13837,  2,        40
   14499,  2,        36
   14500,  2,        36
   14503,  2,        36
   15232,  2,        35
   16500,  2,         7
   16501,  2,         7
   16650,  2,        61
   16663,  2,        68
   16893,  2,        23
   16894,  2,        23
   19602,  2,         5
   21307,  2,        36
      28,  2,       100
     145,  2,       108
     168,  2,       125
     207,  9,       253
     270,  9,       251
     339,  9,       248
     383,  9,       268
     404,  9,       255
     405,  9,       257
     406,  9,       256
     435,  9,       253
     449,  9,       261
     534,  2,       146
     625,  9,       250
     639,  9,       273
     696,  9,       255
     784,  9,       184
     793,  9,       178
     794,  9,       176
     813,  9,       187
     958,  9,       172
    1036,  9,       184
    1038,  9,       184
    1039,  9,       192
    1085,  9,       185
    1719,  2,        99
    1775,  2,        96
    1808,  2,       101
    1814,  2,        98
    1815,  2,       100
    1918,  2,       104
    1949,  2,       108
    1995,  2,       125
    1996,  2,       125
    1997,  2,       123
    2058,  9,       211
    2076,  2,        91
    2077,  2,        90
    2078,  2,        90
    2165,  9,       213
    2194,  2,        82
    2195,  2,        84
    2359,  9,       202
    2396,  2,       134
    2578,  9,       230
    2628,  9,       183
    2629,  9,       189
    2630,  9,       183
    2631,  9,       179
    2661,  9,       185
    2668,  9,       211
    2706,  9,       263
    2712,  9,       189
    2759,  9,       235
    2780,  9,       176
    2849,  9,       174
    3035,  9,       192
    3045,  9,       206
    3076,  9,       188
    3082,  9,       181
    3084,  9,       184
    3095,  9,       170
    3135,  9,       182
    3178,  9,       171
    3211,  9,       169
    3212,  9,       173
    3250,  9,       188
    3309,  9,       180
    3320,  9,       166
    3368,  9,       197
    3369,  9,       189
    3385,  9,       176
    3398,  9,       176
    3506,  9,       186
    3643,  9,       195
    3706,  9,       163
    3716,  9,       161
    3727,  9,       169
    3735,  9,       189
    3752,  9,       151
    3782,  9,       186
    3783,  9,       156
    3784,  9,       156
    3785,  9,       155
    3790,  9,       189
    3800,  9,       192
    3805,  9,       184
    3806,  9,       205
    3833,  9,       189
    3945,  9,       163
    3947,  9,       171
    3956,  9,       160
    6042,  2,        90
    6145,  2,        88
    6680,  2,        60
    6714,  9,       164
    6786,  2,        61
    8155,  2,        13
    8163,  2,        12
    8197,  2,        12
    8209,  2,        10
    8387,  2,         9
    8446,  2,        12
    8502,  2,         9
    8503,  2,         9
    8504,  2,         9
    8612,  2,        13
    8613,  2,        13
    8614,  2,        13
    8615,  2,        13
    8616,  2,        13
    9187,  2,        61
    9214,  2,        56
    9215,  2,        61
    9219,  2,        57
    9732,  2,        10
   10335,  2,        57
   10921,  2,        51
   12408,  2,        44
   12532,  2,        41
   12535,  2,        41
   13043,  2,        59
   13238,  2,        44
   13433,  2,        48
   13811,  2,        45
   14504,  2,        38
   14507,  2,        36
   15228,  2,        35
   16519,  2,        60
   16637,  2,         9
   16660,  2,        64
   16677,  2,        48
   16678,  2,        54
   16750,  2,        32
   16753,  2,        28
   19624,  2,         9
   19637,  2,         8
   19658,  2,         4
       8,  9,       272
     101,  9,       254
     104,  9,       250
     138,  9,       249
     177,  9,       257
     208,  9,       264
     209,  9,       260
     210,  9,       259
     236,  9,       255
     518,  9,       243
     519,  9,       253
     628,  9,       258
     689,  9,       239
     817,  9,       250
     924,  9,       266
    1032,  9,       188
    1034,  9,       186
    1045,  9,       178
    1087,  9,       180
    1098,  9,       181
    1147,  9,       185
    1809,  2,        97
    1812,  2,        95
    1917,  2,       106
    1951,  2,       124
    1988,  2,       131
    2021,  2,        93
    2079,  2,        93
    2129,  2,        85
    2130,  2,        87
    2204,  9,       253
    2235,  2,       141
    2304,  2,       129
    2358,  9,       238
    2391,  2,       128
    2443,  9,       187
    2530,  9,       208
    2626,  9,       186
    2660,  9,       192
    2672,  9,       182
    2674,  9,       184
    2745,  9,       230
    2874,  9,       206
    3032,  9,       221
    3075,  9,       191
    3094,  9,       154
    3234,  9,       189
    3249,  9,       199
    3350,  9,       179
    3583,  9,       162
    3627,  9,       186
    3642,  9,       196
    3644,  9,       196
    3696,  9,       165
    3717,  9,       155
    3798,  9,       183
    3809,  9,       170
    3810,  9,       186
    3811,  9,       170
    3819,  9,       163
    3821,  9,       175
    3831,  9,       187
    3832,  9,       188
    3889,  9,       188
    3890,  9,       183
    3946,  9,       173
    3955,  9,       167
    3974,  9,       158
    3992,  9,       168
    5905,  2,        88
    5970,  2,        83
    6044,  2,        91
    6045,  2,        93
    6523,  2,        63
    6525,  2,        63
    6591,  2,        57
    6683,  2,        61
    6730,  9,       162
    6787,  2,        61
    6788,  2,        62
    8156,  2,        10
    8171,  2,        16
    8190,  2,        14
    8198,  2,        11
    8199,  2,        11
    8210,  2,        10
    8332,  2,        11
    8386,  2,         9
    8498,  2,        10
    8501,  2,        15
    8550,  2,        15
    8551,  2,        11
    8552,  2,        11
    8553,  2,        11
    8555,  2,        18
    8561,  2,        12
    8610,  2,        12
    8611,  2,        15
    9222,  2,        57
    9739,  2,         8
    9761,  2,        12
    9981,  2,         6
    9982,  2,         6
    9983,  2,         6
    9984,  2,         6
   10346,  2,        56
   11976,  2,        48
   12407,  2,        45
   13098,  2,        40
   13101,  2,        46
   13437,  2,        46
   13441,  2,        42
   13827,  2,        41
   13833,  2,        43
   14511,  2,        36
   16564,  2,        32
   16566,  2,        32
   16627,  2,         8
   16632,  2,         6
   16642,  2,        59
   16752,  2,        26
   16755,  2,        24
   16756,  2,        26
   16772,  2,        21
   16790,  2,         5
   19603,  2,         3
   19604,  2,         3
   19639,  2,         6
   21096,  2,         7
      82,  9,       232
     158,  9,       253
     167,  2,       140
     232,  9,       251
     324,  9,       274
     387,  9,       265
     433,  2,       151
    1737,  2,       107
    1807,  2,        98
    1883,  2,       135
    1913,  2,       114
    1924,  2,       139
    1950,  2,       112
    2006,  2,       137
    2030,  2,        95
    2131,  2,        90
    2135,  9,       262
    2193,  2,        88
    2381,  2,       120
    2473,  2,       130
    2526,  9,       188
    2656,  9,       210
    2659,  9,       195
    2671,  9,       232
    2690,  9,       252
    2694,  9,       243
    2784,  9,       202
    2869,  9,       209
    2875,  9,       203
    2880,  9,       213
    2915,  9,       194
    3006,  9,       193
    3009,  9,       253
    3115,  9,       215
    3138,  9,       187
    3147,  9,       220
    3248,  9,       201
    3345,  9,       184
    3351,  9,       215
    3601,  9,       198
    3650,  9,       209
    3686,  9,       221
    3774,  9,       157
    3802,  9,       162
    3816,  9,       207
    3822,  9,       182
    3834,  9,       204
    3897,  9,       183
    3918,  9,       181
    3938,  9,       163
    3944,  9,       159
    3980,  9,       161
    3995,  9,       218
    4002,  9,       175
    4003,  9,       187
    4004,  9,       175
    4005,  9,       208
    5980,  2,        89
    5992,  2,        90
    6014,  2,        91
    6074,  2,        98
    6153,  2,        96
    6463,  2,        64
    6512,  2,        62
    6592,  2,        59
    6682,  2,        68
    6684,  2,        61
    6685,  2,        60
    6704,  9,       225
    6718,  9,       183
    6789,  2,        66
    8164,  2,        14
    8200,  2,        11
    8333,  2,        11
    8440,  2,         9
    8441,  2,         9
    8445,  2,        10
    8500,  2,        10
    9171,  2,        59
    9212,  2,        68
    9223,  2,        61
   11980,  2,        46
   12411,  2,        46
   12415,  2,        44
   12837,  2,        65
   13095,  2,        40
   13249,  2,        42
   13448,  2,        41
   16027,  2,        16
   16563,  2,        32
   16622,  2,         6
   16645,  2,        68
   16670,  2,        54
   16749,  2,        28
   16898,  2,        27
   19554,  2,         3
   19555,  2,         6
   19618,  2,         7
   19904,  2,         6
       3,  2,       151
      17,  2,       111
      29,  2,       109
     110,  2,       111
     443,  9,       259
     475,  9,       259
     630,  9,       238
     765,  9,       226
     808,  9,       246
    1044,  9,       191
    1693,  9,       256
    1720,  2,       104
    1791,  2,       102
    1799,  2,        98
    1810,  2,        92
    1811,  2,        90
    1914,  2,       118
    1964,  2,       139
    2043,  2,       120
    2048,  2,       129
    2221,  9,       192
    2286,  9,       270
    2445,  9,       201
    2476,  2,       129
    2518,  9,       275
    2532,  9,       293
    2551,  9,       187
    2634,  9,       187
    3096,  9,       188
    3113,  9,       203
    3122,  9,       181
    3130,  9,       200
    3233,  9,       204
    3245,  9,       208
    3367,  9,       219
    3503,  9,       198
    3536,  9,       208
    3569,  9,       199
    3596,  9,       206
    3632,  9,       179
    3655,  9,       247
    3668,  9,       214
    3669,  9,       198
    3697,  9,       173
    3707,  9,       182
    3773,  9,       159
    3799,  9,       191
    3839,  9,       194
    3840,  9,       206
    3857,  9,       198
    3859,  9,       210
    3900,  9,       187
    3901,  9,       177
    3902,  9,       189
    5962,  2,        87
    5963,  2,        97
    5968,  2,        87
    5995,  2,        91
    6046,  2,        98
    6051,  2,        92
    6078,  2,        90
    6079,  2,        92
    6106,  2,        93
    6112,  2,        93
    6513,  2,        66
    6524,  2,        67
    6568,  9,       195
    6593,  2,        63
    6628,  9,       165
    6640,  9,       202
    6681,  2,        61
    6719,  9,       215
    6799,  9,       207
    8191,  2,        14
    8331,  2,        11
   10351,  2,        52
   10879,  2,        59
   11916,  2,        62
   12357,  2,        60
   12358,  2,        63
   12403,  2,        45
   12892,  2,        40
   13245,  2,        43
   16024,  2,        18
   16488,  2,        30
   16799,  2,         6
   19638,  2,         5
      47,  2,       111
      64,  2,       113
     147,  2,       118
     148,  2,       124
     227,  9,       237
     800,  9,       241
     803,  9,       238
     955,  9,       231
    1030,  9,       260
    1124,  9,       223
    1783,  2,       108
    1784,  2,       107
    1794,  2,       104
    1795,  2,       110
    1816,  2,       105
    1877,  2,       134
    1916,  2,       137
    2050,  2,       122
    2100,  9,       223
    2191,  2,        89
    2316,  9,       198
    2357,  9,       261
    2387,  2,       124
    2436,  9,       297
    2462,  9,       282
    2487,  9,       245
    2632,  9,       254
    2910,  9,       242
    2916,  9,       267
    2933,  9,       238
    2934,  9,       238
    2935,  9,       234
    3092,  9,       230
    3093,  9,       176
    3111,  9,       185
    3112,  9,       180
    3123,  9,       179
    3124,  9,       188
    3224,  9,       169
    3321,  9,       186
    3349,  9,       191
    3460,  9,       235
    3463,  9,       233
    3465,  9,       235
    3498,  9,       197
    3590,  9,       233
    3600,  9,       225
    3637,  9,       205
    3664,  9,       206
    3667,  9,       258
    3698,  9,       170
    3763,  9,       205
    3813,  9,       167
    3835,  9,       226
    3837,  9,       296
    3849,  9,       207
    3858,  9,       209
    3875,  9,       176
    3924,  9,       222
    3936,  9,       163
    3937,  9,       166
    3970,  9,       178
    4109,  9,       146
    5979,  2,        90
    6041,  2,        97
    6050,  2,        91
    6076,  2,        94
    6077,  2,        95
    6594,  2,        63
    6595,  2,        65
    6618,  9,       233
    6620,  9,       168
    6727,  9,       175
    6801,  9,       192
    6803,  9,       196
    6895,  2,        69
    8192,  2,        13
    8201,  2,        10
    8202,  2,        10
    8334,  2,        11
    8335,  2,        13
    8336,  2,        11
    8380,  2,        10
    8381,  2,        10
    8382,  2,        12
    8442,  2,        10
    8443,  2,        10
    8444,  2,        10
    8499,  2,        10
    8554,  2,        10
    9165,  2,        66
    9172,  2,        62
    9179,  2,        64
    9180,  2,        66
    9181,  2,        65
    9208,  2,        61
    9217,  2,        63
    9260,  2,        56
    9266,  2,        59
    9746,  2,        17
    9980,  2,        15
   10006,  2,         8
   10007,  2,         8
   10008,  2,         8
   10009,  2,         8
   10882,  2,        68
   11373,  2,        52
   11377,  2,        52
   11385,  2,        49
   12889,  2,        40
   13241,  2,        43
   13829,  2,        40
   15259,  2,        37
   16046,  2,         8
   16047,  2,         8
   16518,  2,        62
   16617,  2,         6
   16659,  2,        63
   16661,  2,        62
   16674,  2,        55
   18802,  2,         5
   19327,  2,         5
   19525,  2,         3
   19526,  2,         3
   19726,  2,         3
   19729,  2,         5
   19757,  2,         5
      18,  2,       119
     151,  9,       233
     154,  9,       240
     179,  9,       240
     180,  9,       240
     342,  9,       227
     350,  9,       237
     351,  9,       236
     354,  9,       240
     500,  9,       232
     501,  9,       237
     623,  9,       238
     661,  9,       238
     686,  9,       245
     687,  9,       235
     728,  9,       247
     733,  9,       244
     776,  9,       231
     825,  9,       233
     826,  9,       235
     829,  9,       239
     830,  9,       235
     831,  9,       236
     956,  9,       226
     977,  9,       259
    1021,  9,       284
    1089,  9,       230
    1094,  9,       201
    1204,  9,       232
    1205,  9,       225
    1684,  2,       109
    1724,  9,       263
    1836,  2,       101
    1879,  2,       134
    1885,  9,       249
    1923,  2,       145
    1954,  2,       120
    2080,  2,        90
    2284,  9,       256
    2360,  9,       237
    2519,  9,       249
    2521,  9,       290
    2529,  9,       195
    2731,  9,       202
    2813,  9,       234
    2834,  9,       233
    2917,  9,       251
    3036,  9,       274
    3235,  9,       221
    3381,  9,       190
    3464,  9,       234
    3535,  9,       217
    3588,  9,       195
    3593,  9,       197
    3645,  9,       226
    3652,  9,       240
    3677,  9,       223
    3747,  9,       174
    3760,  9,       162
    3771,  9,       157
    3772,  9,       162
    3808,  9,       177
    3907,  9,       182
    3908,  9,       187
    3909,  9,       191
    3910,  9,       191
    3914,  9,       178
    3919,  9,       190
    3926,  9,       162
    3932,  9,       185
    3960,  9,       198
    3967,  9,       186
    4274,  9,       148
    5960,  2,        87
    6049,  2,        96
    6072,  2,        96
    6080,  2,        90
    6081,  2,        98
    6107,  2,        95
    6454,  2,        68
    6455,  2,        65
    6464,  2,        67
    6790,  2,        70
    6791,  2,        67
    6792,  2,        68
    6805,  9,       220
    8148,  2,        15
    8149,  2,        13
    8157,  2,        16
    8203,  2,        13
    8281,  2,        13
    8282,  2,        13
    8330,  2,        11
    8379,  2,        14
    8495,  2,        13
    8496,  2,         9
    8497,  2,         9
    8549,  2,        11
    8603,  2,        16
    8660,  2,        11
    8661,  2,         9
    8662,  2,         9
    8663,  2,         9
    8664,  2,         9
    8665,  2,         9
    9173,  2,        65
    9206,  2,        68
    9210,  2,        66
    9216,  2,        63
    9259,  2,        54
    9754,  2,        10
   10041,  2,         6
   10042,  2,         6
   10043,  2,         6
   10044,  2,         9
   11381,  2,        53
   11384,  2,        49
   11915,  2,        63
   12071,  2,         4
   12072,  2,         4
   12073,  2,         4
   13237,  2,        43
   13444,  2,        39
   15255,  2,        37
   16667,  2,        57
   16895,  2,        25
   19324,  2,         5
   19325,  2,         5
     183,  9,       239
     308,  9,       247
     341,  9,       238
     345,  9,       242
     502,  9,       243
     503,  9,       248
     561,  9,       242
     594,  9,       232
     601,  9,       231
     617,  9,       240
     629,  9,       245
     674,  9,       240
     675,  9,       236
     676,  9,       239
     677,  9,       243
     685,  9,       236
     694,  9,       246
     735,  9,       238
     761,  9,       250
     766,  9,       241
     789,  9,       238
     799,  9,       244
     801,  9,       244
     983,  9,       257
    1037,  9,       200
    1117,  9,       238
    1121,  9,       241
    1122,  9,       235
    1138,  9,       232
    1140,  9,       202
    1191,  9,       230
    1193,  9,       235
    1277,  9,       190
    1686,  2,       110
    1768,  2,       104
    1776,  2,       105
    1793,  2,       101
    1915,  2,       127
    1952,  2,       135
    2128,  2,        94
    2730,  9,       208
    2861,  9,       212
    2867,  9,       211
    2868,  9,       210
    2871,  9,       222
    3073,  9,       205
    3346,  9,       207
    3394,  9,       192
    3461,  9,       237
    3462,  9,       238
    3539,  9,       214
    3568,  9,       222
    3595,  9,       194
    3658,  9,       196
    3723,  9,       223
    3759,  9,       177
    3761,  9,       176
    3807,  9,       175
    3818,  9,       258
    3877,  9,       239
    3878,  9,       224
    3888,  9,       185
    3898,  9,       181
    3899,  9,       178
    3913,  9,       186
    3916,  9,       208
    3922,  9,       201
    3923,  9,       200
    3925,  9,       174
    3929,  9,       180
    3931,  9,       177
    3933,  9,       194
    3948,  9,       203
    3962,  9,       196
    4092,  9,       195
    4119,  9,       154
    4124,  9,       168
    4135,  9,       164
    4141,  9,       171
    4142,  9,       171
    6013,  2,        98
    6040,  2,        98
    6047,  2,        98
    6048,  2,        95
    6073,  2,        97
    6103,  2,       127
    6108,  2,        99
    6110,  2,       101
    6141,  2,       131
    6378,  9,       176
    6793,  2,        66
    6802,  9,       179
    6812,  9,       223
    8283,  2,        15
    8284,  2,        13
    8383,  2,        12
    8439,  2,        13
    8545,  2,         9
    8546,  2,         9
    9202,  2,        61
    9209,  2,        64
    9265,  2,        57
   11321,  2,        64
   11975,  2,        57
   16045,  2,        12
   16565,  2,        37
   16571,  2,        20
   16907,  2,        19
   16942,  2,        21
   18191,  2,         9
   19636,  2,         6
      45,  2,       117
      83,  9,       237
     129,  2,       122
     531,  2,       131
     764,  9,       240
     781,  9,       238
    1186,  9,       230
    1215,  2,       155
    1276,  9,       184
    1845,  2,        99
    1878,  2,       134
    1953,  2,       140
    1994,  2,       118
    2031,  2,        92
    2190,  2,        90
    2192,  2,        91
    2470,  2,       139
    2657,  9,       212
    2848,  9,       198
    2866,  9,       216
    3033,  9,       223
    3077,  9,       219
    3139,  9,       189
    3343,  9,       215
    3505,  9,       206
    3543,  9,       167
    3589,  9,       204
    3599,  9,       224
    3612,  9,       188
    3886,  9,       188
    3911,  9,       185
    3912,  9,       181
    3921,  9,       204
    3927,  9,       190
    3928,  9,       190
    3961,  9,       196
    4098,  9,       155
    4108,  9,       151
    4121,  9,       160
    4123,  9,       154
    4125,  9,       174
    4244,  9,       150
    5966,  2,        87
    5981,  2,        90
    5997,  2,        93
    6035,  2,       100
    6070,  2,       109
    6071,  2,       105
    6109,  2,       108
    6111,  2,        99
    6140,  2,       133
    6147,  2,        96
    6427,  9,       161
    8193,  2,        13
    8194,  2,        13
    8285,  2,        13
    8375,  2,        11
    8384,  2,        10
    8385,  2,        10
    8433,  2,        11
    8434,  2,        11
    8491,  2,        12
    8492,  2,        10
    8544,  2,        13
    9253,  2,        56
   10348,  2,        52
   11987,  2,        48
   12529,  2,        43
   15251,  2,        35
   16573,  2,        19
   16766,  2,        18
   16769,  2,        18
   16789,  2,         9
   16905,  2,        17
   16941,  2,        24
     144,  2,       153
    1198,  9,       231
    1270,  9,       213
    1703,  2,       115
    1704,  2,       113
    1767,  2,       106
    1818,  2,       106
    1958,  2,       150
    1962,  2,       141
    1963,  2,       139
    2572,  9,       296
    2682,  9,       255
    2806,  2,       131
    2846,  9,       256
    3116,  9,       234
    3651,  9,       218
    3653,  9,       199
    3856,  9,       206
    3934,  9,       202
    3991,  9,       172
    3998,  9,       208
    4094,  9,       184
    4120,  9,       150
    4122,  9,       158
    4133,  9,       145
    4245,  9,       148
    4246,  9,       142
    6031,  2,       146
    6068,  2,       139
    6100,  2,       121
    6146,  2,        96
    6172,  2,       105
    6173,  2,       133
    6235,  9,       199
    6465,  2,        68
    6626,  9,       250
    6633,  9,       227
    8195,  2,        13
    8235,  2,        15
    8236,  2,        15
    8237,  2,        15
    8238,  2,        15
    8286,  2,        13
    8287,  2,        13
    8374,  2,        10
    8376,  2,        17
    8493,  2,        10
    8494,  2,        13
   10880,  2,        69
   12888,  2,        42
   12891,  2,        43
   13094,  2,        41
   13097,  2,        41
   13440,  2,        39
   14530,  2,        38
   15247,  2,        35
   15254,  2,        38
   15990,  2,        37
   16036,  2,        16
   16389,  2,        32
   16520,  2,        56
   16655,  2,        71
   16664,  2,        65
   16940,  2,        24
      19,  2,       113
      20,  2,       121
      44,  2,       111
     219,  2,       144
    1079,  9,       156
    1097,  9,       235
    1685,  2,       131
    1759,  2,       129
    1780,  2,       134
    1792,  2,       101
    1797,  2,       116
    1920,  2,       147
    1921,  2,       143
    1922,  2,       147
    1957,  2,       144
    1959,  2,       145
    1961,  2,       138
    2027,  2,        94
    2081,  2,        93
    2082,  2,        91
    2127,  2,        91
    2404,  2,       142
    2483,  2,       135
    2643,  9,       247
    2908,  9,       226
    3665,  9,       213
    3675,  9,       222
    3676,  9,       213
    3711,  9,       198
    3826,  9,       224
    3830,  9,       215
    3844,  9,       218
    3846,  9,       215
    3869,  9,       216
    3884,  9,       239
    3930,  9,       181
    3979,  9,       186
    4007,  9,       224
    4009,  9,       217
    4022,  9,       246
    4107,  9,       155
    4132,  9,       152
    4134,  9,       147
    4137,  9,       148
    4138,  9,       154
    5958,  2,       103
    5961,  2,        86
    5969,  2,        88
    5989,  2,        98
    6030,  9,       247
    6086,  2,        98
    6101,  2,       134
    6102,  2,       136
    6104,  2,       130
    6121,  2,        90
    6381,  9,       223
    6722,  9,       234
    6804,  9,       199
    8196,  2,        17
    8232,  2,        14
    8233,  2,        16
    8372,  2,        16
    8373,  2,        14
    8377,  2,        21
    8438,  2,        11
    8548,  2,        10
    8604,  2,        10
    8607,  2,         9
    8608,  2,         9
    8609,  2,         9
    8655,  2,         9
    8656,  2,         9
    8657,  2,         9
    8658,  2,         9
    9211,  2,        71
    9755,  2,        14
   10005,  2,        20
   10079,  2,        12
   10883,  2,        69
   12886,  2,        41
   13100,  2,        41
   15250,  2,        39
   15258,  2,        36
   15987,  2,        39
   15992,  2,        33
   15993,  2,        35
   16391,  2,        34
   16675,  2,        58
   16892,  2,        27
   16904,  2,        24
   19326,  2,         8
   19397,  2,         8
   19620,  2,         5
     581,  9,       248
     791,  9,       308
    1735,  2,       109
    1846,  2,       112
    2028,  2,        94
    2125,  2,        94
    2163,  9,       271
    2189,  2,        92
    2303,  2,       134
    2307,  2,       141
    2384,  2,       152
    2389,  2,       139
    2390,  2,       133
    2398,  2,       147
    2472,  2,       144
    2796,  2,       140
    2838,  9,       198
    3517,  9,       222
    3663,  9,       215
    3739,  9,       238
    3847,  9,       199
    3860,  9,       216
    3870,  9,       210
    3969,  9,       217
    3988,  9,       174
    4001,  9,       216
    4008,  9,       208
    4034,  9,       247
    4067,  9,       247
    4104,  9,       201
    5987,  2,       102
    5991,  2,        91
    5996,  2,        93
    6139,  2,       139
    6466,  2,        74
    6729,  9,       226
    6734,  9,       200
    6794,  2,        66
    8150,  2,        14
    8158,  2,        12
    8234,  2,        14
    8323,  2,        17
    8324,  2,        15
    8378,  2,        14
    8435,  2,        10
    8436,  2,        10
    8437,  2,        10
    8484,  2,        10
    8485,  2,        12
    8488,  2,        11
    8489,  2,         9
    8490,  2,         9
    8543,  2,        13
    9166,  2,        70
    9196,  2,        62
    9203,  2,        64
    9258,  2,        58
   10039,  2,        11
   10877,  2,        66
   11320,  2,        64
   11917,  2,        63
   12490,  2,        68
   13825,  2,        40
   14526,  2,        38
   15986,  2,        37
   16662,  2,        66
   18820,  2,         5
   19384,  2,         9
     748,  9,       211
     844,  9,       200
    1264,  9,       231
    1721,  2,       112
    1779,  2,       130
    1817,  2,       111
    1919,  2,       150
    1960,  2,       152
    2029,  2,        95
    2061,  2,       153
    2109,  2,       149
    2126,  2,        90
    2385,  2,       143
    2386,  2,       141
    2392,  2,       140
    2400,  2,       140
    2484,  2,       144
    2583,  9,       233
    2700,  9,       258
    2805,  2,       138
    2841,  9,       273
    3256,  9,       213
    3496,  9,       224
    3633,  9,       187
    3657,  9,       194
    3703,  9,       266
    3708,  9,       205
    3742,  9,       211
    3758,  9,       210
    3796,  9,       190
    3845,  9,       216
    4057,  9,       242
    4068,  9,       233
    4078,  9,       232
    4089,  9,       169
    4110,  9,       163
    4115,  9,       213
    4118,  9,       218
    5990,  2,        93
    5993,  2,        97
    6252,  2,       127
    6279,  9,       156
    6296,  2,       129
    6487,  9,       199
    6514,  2,        64
    6677,  2,        71
    6728,  9,       221
    6807,  9,       220
    8141,  2,        16
    8183,  2,        16
    8325,  2,        15
    8432,  2,        13
    8480,  2,        17
    8486,  2,        10
    8487,  2,        13
    8537,  2,        11
    8538,  2,         9
    8539,  2,         9
    8606,  2,        15
    8648,  2,        11
    8649,  2,        11
    8650,  2,        11
    8651,  2,        11
    9174,  2,        66
    9175,  2,        66
    9205,  2,        65
    9263,  2,        62
   10036,  2,        10
   10037,  2,        10
   10038,  2,        10
   11380,  2,        53
   11983,  2,        48
   13248,  2,        40
   14522,  2,        38
   15246,  2,        37
   15989,  2,        33
   16441,  2,        76
   16513,  2,        81
   16654,  2,        82
   20980,  2,        16
     640,  9,       247
     739,  9,       217
     790,  9,       234
     802,  9,       245
     804,  9,       232
     853,  9,       268
     996,  9,       234
    1025,  9,       219
    1125,  9,       208
    1192,  9,       227
    1328,  9,       168
    1731,  2,       142
    1786,  2,       143
    1819,  2,       117
    1891,  9,       200
    1932,  2,       112
    1955,  2,       154
    2075,  2,       104
    3237,  9,       226
    3363,  9,       205
    3499,  9,       213
    3537,  9,       219
    3646,  9,       205
    3731,  9,       214
    3736,  9,       221
    3762,  9,       222
    3787,  9,       227
    3825,  9,       213
    3855,  9,       181
    3939,  9,       179
    3952,  9,       192
    4077,  9,       231
    4093,  9,       204
    4114,  9,       217
    4127,  9,       190
    4129,  9,       201
    4131,  9,       155
    5576,  2,        14
    6017,  2,        97
    6037,  2,       108
    6085,  2,       101
    6138,  2,       142
    6210,  2,       118
    6251,  2,       129
    6322,  9,       227
    6345,  2,       127
    6456,  2,        74
    6467,  2,        73
    6503,  2,        73
    6580,  2,        74
    6723,  9,       251
    6810,  9,       177
    8326,  2,        15
    8427,  2,        11
    8478,  2,        14
    8479,  2,        16
    8481,  2,        15
    8482,  2,        13
    8483,  2,        13
    8659,  2,        15
    9204,  2,        65
    9252,  2,        56
    9254,  2,        61
    9264,  2,        63
   10034,  2,        15
   10926,  2,        55
   11372,  2,        54
   11376,  2,        54
   11979,  2,        50
   12068,  2,         6
   12069,  2,         6
   12070,  2,         6
   16511,  2,        83
   16751,  2,        36
   16754,  2,        28
   18866,  2,         5
   18867,  2,         5
   20020,  2,         5
   20102,  2,        10
   20966,  2,        20
     215,  9,       226
     311,  9,       238
     329,  9,       223
     355,  9,       236
     533,  2,       131
     562,  9,       245
     809,  9,       245
     997,  9,       232
    1774,  2,        99
    1785,  2,       103
    1820,  2,       115
    1956,  2,       147
    1986,  9,       223
    2022,  2,       101
    2032,  2,       102
    2099,  9,       290
    2124,  2,       110
    2188,  2,       100
    2264,  9,       221
    2430,  9,       242
    2539,  9,       194
    2573,  9,       266
    2592,  9,       240
    2695,  9,       239
    2819,  9,       191
    2925,  9,       243
    2927,  2,       139
    3043,  9,       180
    3167,  9,       224
    3230,  9,       286
    3634,  9,       215
    3649,  9,       215
    3666,  9,       216
    3712,  9,       225
    3828,  9,       218
    3881,  9,       187
    3941,  9,       209
    3978,  9,       198
    3994,  9,       196
    4090,  9,       191
    4099,  9,       185
    4100,  9,       188
    4103,  9,       199
    4105,  9,       184
    4116,  9,       197
    4128,  9,       197
    4130,  9,       182
    4242,  9,       172
    5575,  2,        19
    5965,  2,        90
    6022,  2,        99
    6069,  2,       145
    6093,  2,       105
    6122,  2,        98
    6129,  2,       100
    6215,  2,       131
    6253,  2,       132
    6278,  9,       189
    6304,  2,       129
    6379,  9,       205
    6490,  9,       222
    6504,  2,        74
    6515,  2,        74
    6516,  2,        72
    6517,  2,        72
    6726,  9,       204
    6731,  9,       203
    6800,  9,       192
    8327,  2,        15
    8547,  2,        12
    9197,  2,        69
    9213,  2,        58
   10345,  2,        54
   12654,  2,        46
   12885,  2,        44
   13244,  2,        40
   14529,  2,        36
   15257,  2,        49
   18821,  2,         5
   19623,  2,         9
   19635,  2,         8
     593,  9,       242
     730,  9,       229
     749,  9,       225
     942,  9,       203
    1322,  9,       191
    1736,  2,       108
    1763,  2,       144
    1835,  2,       102
    2056,  9,       220
    2071,  2,       110
    2074,  2,       100
    2435,  9,       258
    2439,  9,       202
    2669,  9,       213
    2698,  9,       235
    2703,  9,       236
    2789,  9,       182
    3056,  9,       220
    3201,  9,       248
    3202,  9,       251
    3362,  9,       229
    3366,  9,       214
    3502,  9,       179
    3513,  9,       185
    3548,  9,       193
    3829,  9,       201
    3843,  9,       184
    3942,  9,       209
    3965,  9,       194
    3968,  9,       196
    3982,  9,       178
    3989,  9,       181
    4006,  9,       221
    4091,  9,       185
    4101,  9,       185
    4102,  9,       195
    4106,  9,       207
    4111,  9,       187
    4112,  9,       184
    4113,  9,       203
    4117,  9,       189
    4136,  9,       182
    4146,  9,       182
    4211,  9,       170
    4229,  9,       185
    4240,  9,       140
    4253,  9,       145
    4418,  9,       148
    4425,  9,       144
    4426,  9,       143
    4429,  9,       150
    5983,  2,       108
    6034,  2,       105
    6075,  2,       104
    6084,  2,       103
    6092,  2,       109
    6105,  2,       140
    6119,  2,       102
    6144,  2,       102
    6212,  2,       122
    6257,  2,       138
    6280,  9,       173
    6295,  2,       133
    6306,  2,       124
    6346,  2,       139
    6365,  2,       137
    6368,  9,       199
    6380,  9,       222
    6446,  2,        76
    6457,  2,        73
    6502,  2,        74
    6505,  2,        73
    6617,  9,       269
    6738,  9,       198
    6797,  9,       209
    6989,  2,        67
    8328,  2,        15
    8426,  2,        13
    8430,  2,        12
    8431,  2,        12
    8477,  2,        12
    9207,  2,        63
   11319,  2,        69
   11914,  2,        73
   13451,  2,        41
   16021,  2,        16
   16033,  2,        13
   16635,  2,         6
   16656,  2,        70
   16794,  2,         9
   16902,  2,        22
   18822,  2,         5
   19399,  2,         6
     530,  2,       135
     744,  9,       246
     785,  9,       313
     812,  9,       223
     877,  9,       252
     912,  9,       221
     952,  9,       229
     954,  9,       226
    1683,  2,       146
    1707,  9,       194
    1758,  2,       127
    1796,  2,       124
    1800,  2,       113
    1821,  2,       120
    1834,  2,       102
    1857,  2,       119
    2070,  2,       113
    2198,  9,       248
    2279,  9,       203
    2306,  2,       143
    2434,  9,       251
    2477,  9,       243
    2528,  9,       233
    2610,  9,       231
    2717,  9,       246
    3024,  9,       226
    3260,  9,       297
    3298,  9,       236
    3497,  9,       216
    3501,  9,       217
    3515,  9,       201
    3635,  9,       259
    3654,  9,       198
    3683,  9,       220
    3704,  9,       193
    3721,  9,       217
    3804,  9,       220
    3815,  9,       212
    3940,  9,       189
    3943,  9,       210
    3951,  9,       187
    3953,  9,       182
    3954,  9,       186
    3964,  9,       195
    3966,  9,       186
    3987,  9,       176
    3993,  9,       198
    4147,  9,       212
    4254,  9,       149
    4263,  9,       149
    4281,  9,       159
    4406,  9,       146
    4417,  9,       148
    4424,  9,       149
    4437,  9,       151
    5577,  2,        18
    5986,  2,       105
    6043,  2,       103
    6120,  2,        96
    6211,  2,       126
    6213,  2,       125
    6230,  9,       268
    6260,  2,       141
    6305,  2,       133
    6310,  2,       134
    6311,  2,       124
    6415,  9,       202
    6554,  9,       182
    6579,  2,        74
    6715,  9,       233
    6735,  9,       241
    6818,  9,       184
    6988,  2,        68
    8142,  2,        14
    8329,  2,        13
    8428,  2,        16
    8529,  2,        11
    8530,  2,        11
    8531,  2,        11
    8532,  2,        11
    8605,  2,        12
    9159,  2,        75
    9198,  2,        70
    9200,  2,        74
    9201,  2,        64
    9247,  2,        59
    9248,  2,        71
   12657,  2,        49
   13240,  2,        40
   15253,  2,        43
   15320,  2,        22
   16390,  2,        52
   16506,  2,        75
   16508,  2,        88
   18860,  2,         5
   19380,  2,         8
   20106,  2,         6
     458,  9,       228
     861,  9,       248
     925,  9,       241
    1777,  2,       124
    1801,  2,       114
    1935,  2,       113
    2259,  2,       102
    2403,  2,       140
    2546,  9,       240
    2606,  9,       231
    2920,  9,       227
    3041,  9,       204
    3059,  9,       223
    3118,  9,       217
    3134,  9,       247
    3229,  9,       240
    3347,  9,       282
    3355,  9,       277
    3656,  9,       226
    3803,  9,       226
    3817,  9,       235
    3820,  9,       200
    3836,  9,       206
    3996,  9,       208
    4148,  9,       234
    4264,  9,       144
    4279,  9,       151
    4280,  9,       153
    4283,  9,       159
    4394,  9,       147
    4427,  9,       159
    4436,  9,       155
    4441,  9,       153
    6029,  2,       154
    6088,  2,       101
    6123,  2,       100
    6128,  2,       102
    6150,  2,       100
    6151,  2,       100
    6152,  2,       106
    6182,  2,       105
    6190,  2,       127
    6297,  2,       135
    6343,  2,       129
    6552,  9,       187
    6581,  2,        70
    6587,  2,        72
    6641,  9,       182
    6668,  2,        73
    6775,  2,        72
    6925,  9,       211
    6987,  2,        71
    8151,  2,        12
    8425,  2,        18
    9167,  2,        70
   10923,  2,        54
   12002,  2,        63
   12006,  2,        57
   13236,  2,        40
   13447,  2,        43
   14518,  2,        40
   16514,  2,        82
   16748,  2,        30
      68,  2,       155
    1052,  9,       250
    1750,  2,       119
    1778,  2,       130
    1884,  2,       161
    2788,  9,       196
    2791,  9,       194
    2797,  2,       152
    3158,  9,       223
    3814,  9,       229
    3983,  9,       195
    3984,  9,       220
    4239,  9,       144
    4248,  9,       226
    4434,  9,       149
    5574,  2,        14
    5578,  2,        16
    5579,  2,        16
    6018,  2,        96
    6082,  2,       106
    6083,  2,       103
    6159,  2,       115
    6344,  2,       131
    6567,  9,       187
    6582,  2,        72
    6583,  2,        78
    6584,  2,        78
    6585,  2,        76
    6586,  2,        78
    6776,  2,        68
    6905,  9,       213
    6915,  9,       223
    6990,  2,        77
    8165,  2,        14
    8274,  2,        14
    8275,  2,        14
    8276,  2,        14
    8277,  2,        20
    8278,  2,        13
    8279,  2,        13
    8424,  2,        16
    8429,  2,        12
    8536,  2,        11
    8542,  2,        10
    8596,  2,        10
    8600,  2,         9
    8601,  2,         9
    8602,  2,         9
    8653,  2,        14
    8654,  2,        13
    9241,  2,        62
    9246,  2,        59
   10031,  2,        15
   10032,  2,        15
   10033,  2,        15
   10920,  2,        57
   12545,  2,        50
   12546,  2,        49
   12659,  2,        47
   12660,  2,        43
   13243,  2,        48
   14525,  2,        38
   16042,  2,        10
   16043,  2,         8
   16044,  2,         8
   16401,  2,        19
   16507,  2,        86
   16572,  2,        22
   16621,  2,        14
   16647,  2,        78
   16773,  2,        24
   16774,  2,        20
   16906,  2,        19
   16908,  2,        21
   18811,  2,         9
      56,  2,       117
      67,  2,       151
    1751,  2,       119
    1752,  2,       119
    1933,  2,       120
    2069,  2,       110
    2236,  9,       190
    2679,  2,       144
    2833,  9,       215
    3110,  9,       197
    3743,  9,       187
    3986,  9,       216
    4255,  9,       162
    4256,  9,       158
    6021,  2,       109
    6054,  2,       108
    6057,  2,       112
    6067,  2,       145
    6118,  2,       104
    6198,  2,       134
    6447,  2,        80
    6486,  9,       252
    6506,  2,        77
    6553,  9,       193
    6713,  9,       218
    6721,  9,       211
    6777,  2,        74
    8138,  2,        19
    8139,  2,        19
    8143,  2,        17
    8152,  2,        14
    8172,  2,        16
    8225,  2,        14
    8226,  2,        14
    8280,  2,        13
    8528,  2,        19
    8541,  2,        10
    8599,  2,        13
    9726,  2,        13
    9733,  2,        10
   10684,  2,        54
   10686,  2,        54
   11998,  2,        58
   12653,  2,        51
   13239,  2,        46
   13439,  2,        45
   13443,  2,        43
   13856,  2,        44
   15249,  2,        39
   16398,  2,        23
   16399,  2,        29
   16574,  2,        20
   16767,  2,        26
   16768,  2,        24
   16770,  2,        28
      46,  2,       121
     100,  2,       124
     111,  2,       134
     130,  2,       163
     847,  9,       235
     926,  9,       212
    1126,  9,       214
    2678,  2,       141
    2680,  2,       145
    3352,  9,       219
    3391,  2,       126
    3576,  2,       129
    3679,  9,       215
    3848,  9,       191
    3935,  9,       220
    4043,  9,       224
    4251,  9,       146
    4252,  9,       153
    4262,  9,       170
    4271,  9,       206
    4287,  9,       159
    4428,  9,       159
    4433,  9,       151
    5959,  2,       105
    5988,  2,        97
    6028,  2,       157
    6189,  2,       118
    6356,  2,       142
    6411,  2,       140
    6468,  2,        76
    6819,  9,       236
    6986,  2,        67
    8137,  2,        17
    8140,  2,        17
    8144,  2,        19
    8159,  2,        14
    8627,  2,        11
    8628,  2,        11
    8629,  2,        11
    8630,  2,        11
    9195,  2,        66
    9240,  2,        60
    9242,  2,        67
   11994,  2,        54
   12543,  2,        49
   12544,  2,        49
   12652,  2,        51
   12656,  2,        45
   13235,  2,        46
   13247,  2,        44
   15245,  2,        41
   16388,  2,        42
   16396,  2,        21
   16397,  2,        27
   16495,  2,        11
   16646,  2,        77
   18220,  2,        11
      57,  2,       150
     480,  2,       166
     864,  9,       231
     929,  9,       225
    1696,  2,       143
    1732,  2,       156
    1782,  2,       120
    2023,  2,       105
    2033,  2,       106
    2438,  9,       213
    2527,  9,       263
    2689,  9,       217
    3026,  9,       334
    3053,  9,       240
    3231,  9,       235
    3387,  2,       134
    3393,  2,       138
    3428,  2,       135
    3538,  9,       216
    3551,  2,       132
    3575,  2,       132
    3713,  9,       211
    3753,  9,       196
    3975,  9,       237
    4266,  9,       151
    4438,  9,       166
    5538,  2,        19
    5984,  2,       117
    6010,  2,        97
    6012,  2,       113
    6053,  2,       115
    6236,  2,       128
    6300,  2,       135
    6357,  2,       138
    6366,  9,       193
    6481,  2,       128
    6549,  2,       126
    6995,  2,        75
    8136,  2,        20
    8472,  2,        15
    9235,  2,        61
    9236,  2,        71
   12540,  2,        54
   12887,  2,        44
   12890,  2,        46
   13096,  2,        47
   13099,  2,        45
   13458,  2,        49
   13852,  2,        43
   14521,  2,        38
   16010,  2,        27
   16509,  2,        86
   16657,  2,        78
   16658,  2,        76
   16671,  2,        64
      66,  9,       246
     258,  2,       161
     960,  9,       240
    1728,  2,       150
    1771,  2,       152
    1828,  9,       236
    2003,  2,       150
    2205,  9,       232
    2250,  2,       108
    2251,  2,       106
    2571,  9,       238
    2802,  2,       142
    2843,  9,       226
    2847,  9,       266
    2931,  9,       249
    3055,  9,       221
    3246,  9,       234
    3270,  9,       206
    3354,  9,       280
    3383,  2,       140
    3561,  2,       133
    3572,  2,       135
    4023,  9,       184
    4144,  9,       197
    4259,  9,       177
    4432,  9,       153
    4550,  9,       162
    6036,  2,       109
    6158,  2,       106
    6227,  2,       136
    6254,  2,       130
    6265,  2,       131
    6301,  2,       133
    6303,  2,       137
    6320,  2,       130
    6363,  9,       203
    6412,  2,       132
    6478,  2,       129
    6480,  2,       133
    6482,  2,       131
    6548,  2,       127
    6630,  2,       128
    7119,  9,       158
    8184,  2,        16
    9160,  2,        72
   10350,  2,        55
   11403,  2,        53
   12427,  2,        51
   12541,  2,        49
   12542,  2,        49
   12655,  2,        53
   12884,  2,        44
   13093,  2,        45
   13848,  2,        46
   14528,  2,        36
   15252,  2,        37
   15256,  2,        39
   16037,  2,        11
   16038,  2,        11
   16400,  2,        19
   16765,  2,        25
   18810,  2,        15
      65,  2,       123
     127,  2,       123
     389,  9,       244
    1687,  2,       137
    1734,  2,       117
    1756,  2,       152
    1772,  2,       156
    1773,  2,       159
    1788,  2,       153
    2096,  2,       146
    2101,  2,       157
    2122,  2,       121
    2201,  9,       416
    2258,  2,       114
    2481,  2,       151
    2482,  2,       147
    2544,  9,       407
    2896,  9,       361
    3562,  2,       140
    3976,  9,       262
    4153,  9,       221
    4278,  9,       156
    4384,  9,       159
    4562,  9,       154
    5604,  2,        17
    5964,  2,        94
    6009,  2,       118
    6011,  2,       103
    6055,  2,       114
    6089,  2,       112
    6181,  2,       107
    6185,  2,       131
    6200,  2,       129
    6268,  2,       131
    6299,  2,       149
    6316,  2,       137
    6325,  2,       130
    6359,  2,       133
    6550,  2,       124
    6551,  2,       129
    6886,  2,        78
    6978,  2,        70
    8471,  2,        23
    8473,  2,        11
    8474,  2,        11
    8475,  2,        11
    8476,  2,        11
    9234,  2,        63
   12421,  2,        57
   12424,  2,        51
   12539,  2,        51
   12658,  2,        47
   13254,  2,        46
   13258,  2,        46
   13262,  2,        46
   13266,  2,        48
   13462,  2,        49
   13470,  2,        50
   13844,  2,        46
   14517,  2,        40
   15248,  2,        35
   15316,  2,        17
   16006,  2,        28
   16030,  2,        22
   16570,  2,        26
   16764,  2,        29
   18823,  2,         8
       6,  9,       405
     481,  2,       161
     930,  9,       206
    1267,  9,       301
    1695,  2,       154
    1754,  2,       153
    1755,  2,       156
    1787,  2,       149
    1789,  2,       153
    1832,  2,       114
    2121,  2,       120
    2538,  9,       224
    2677,  2,       146
    2798,  2,       151
    2821,  9,       214
    3044,  9,       189
    3390,  2,       137
    3427,  2,       136
    3495,  9,       240
    3554,  2,       135
    3559,  2,       134
    3720,  9,       221
    3977,  9,       231
    4151,  9,       186
    4270,  9,       175
    4377,  9,       159
    4385,  9,       166
    4430,  9,       169
    4573,  9,       146
    4586,  9,       147
    5600,  2,        13
    5601,  2,        13
    5602,  2,        15
    5603,  2,        21
    6246,  2,       143
    6250,  2,       159
    6255,  2,       134
    6272,  2,       129
    6275,  2,       131
    6342,  2,       134
    6470,  2,       143
    6536,  9,       214
    6545,  2,       133
    6546,  2,       122
    6547,  2,       131
    6615,  9,       266
    6885,  2,        84
    6887,  2,        78
    6977,  2,        75
    7117,  9,       146
    7248,  9,       147
    8185,  2,        16
    8227,  2,        18
    8421,  2,        12
    8423,  2,        14
    8540,  2,        10
    8642,  2,        12
    8643,  2,        12
    8644,  2,        12
    8647,  2,        12
    9168,  2,        72
    9199,  2,        74
   10347,  2,        59
   11395,  2,        57
   11399,  2,        57
   12425,  2,        52
   12426,  2,        53
   12538,  2,        51
   13110,  2,        51
   13466,  2,        46
   14524,  2,        36
   15244,  2,        35
   16031,  2,        16
   16032,  2,        16
   16034,  2,        16
   16035,  2,        16
   16512,  2,        80
   19425,  2,         7
   19925,  2,         5
      54,  2,       127
      59,  2,       159
     290,  9,       369
     913,  9,       235
    1715,  2,       145
    1727,  2,       145
    1738,  2,       153
    1744,  2,       155
    1770,  2,       155
    1806,  9,       282
    2019,  2,       115
    2123,  2,       119
    2655,  9,       330
    2685,  2,       151
    2804,  2,       144
    3226,  9,       219
    3277,  9,       223
    3527,  9,       225
    3560,  2,       138
    3659,  9,       213
    3722,  9,       191
    4282,  9,       168
    4572,  9,       150
    6056,  2,       112
    6156,  2,       122
    6244,  2,       145
    6273,  2,       131
    6539,  9,       214
    6632,  2,       127
    6796,  9,       188
    7120,  9,       156
    8228,  2,        22
    8229,  2,        22
    8230,  2,        22
    8231,  2,        22
    8592,  2,        11
    8593,  2,         9
    8594,  2,         9
    8595,  2,         9
    9257,  2,        66
   12422,  2,        53
   12423,  2,        55
   13855,  2,        41
   14520,  2,        40
   14527,  2,        34
   14591,  2,        18
   15308,  2,        17
   15312,  2,        19
   15328,  2,        31
   15332,  2,        26
   15333,  2,        17
   15334,  2,        17
   15335,  2,        17
   15336,  2,        20
   15337,  2,        17
   15338,  2,        17
   15339,  2,        17
   16007,  2,        29
   16028,  2,        16
   16029,  2,        15
   16515,  2,        81
   16516,  2,        84
   16624,  2,         8
   16631,  2,        10
   16668,  2,        74
   16771,  2,        22
   19907,  2,        10
     192,  9,       357
     255,  9,       353
    1139,  9,       225
    1705,  2,       151
    1739,  2,       148
    1762,  2,       151
    1766,  2,       120
    1861,  2,       117
    1890,  2,       125
    2072,  2,       114
    2199,  9,       368
    2635,  9,       275
    2803,  2,       149
    3514,  9,       199
    3574,  2,       132
    3715,  9,       266
    3972,  9,       199
    4139,  9,       196
    4267,  9,       153
    4288,  9,       149
    4294,  9,       160
    4376,  9,       161
    4574,  9,       182
    4584,  9,       159
    4585,  9,       150
    5539,  2,        19
    5570,  2,        16
    6064,  2,       143
    6124,  2,       124
    6125,  2,       123
    6127,  2,       121
    6143,  2,       116
    6174,  9,       292
    6191,  2,       119
    6328,  2,       110
    6479,  2,       136
    6544,  2,       135
    6631,  2,       127
    6667,  2,        75
    6669,  2,        81
    6894,  2,        85
    7122,  9,       160
    7255,  9,       149
    8145,  2,        19
    8422,  2,        12
    8535,  2,        11
    8598,  2,        15
   13107,  2,        49
   15324,  2,        27
   15985,  2,        41
   15991,  2,        37
   16018,  2,        23
   16568,  2,        26
   16616,  2,         8
   16629,  2,         8
   16758,  2,        27
   16759,  2,        27
   16901,  2,        27
   16903,  2,        25
   19922,  2,         9
   20110,  2,         6
      58,  2,       156
     315,  2,       355
    1892,  2,       135
    2148,  9,       345
    2151,  9,       357
    2184,  2,       109
    2224,  9,       364
    2294,  9,       368
    2401,  9,       241
    2792,  9,       220
    2921,  9,       316
    3165,  9,       264
    3236,  9,       230
    3426,  2,       141
    3827,  9,       205
    3842,  9,       243
    3971,  9,       234
    4143,  9,       169
    4258,  9,       181
    4261,  9,       229
    4295,  9,       163
    4549,  9,       172
    5994,  2,       101
    6090,  2,       118
    6154,  2,       121
    6155,  2,       125
    6157,  2,       120
    6161,  2,       123
    6162,  2,       123
    6163,  2,       121
    6165,  2,       133
    6195,  2,       124
    6233,  9,       209
    6362,  2,       143
    6616,  9,       228
    6671,  2,        78
    6703,  9,       270
    6720,  9,       203
    6740,  9,       208
    6757,  2,        94
    6778,  2,        85
    6820,  9,       230
    6826,  9,       187
    6828,  9,       194
    6878,  2,        93
    6893,  2,        87
    7264,  9,       137
    7265,  9,       140
    7266,  9,       142
   11391,  2,        57
   13851,  2,        42
   14523,  2,        34
   15329,  2,        15
   15330,  2,        15
   15331,  2,        15
   15988,  2,        39
   16025,  2,        16
   16761,  2,        29
   16762,  2,        29
   19383,  2,         5
     132,  2,       154
     454,  2,       344
    1238,  9,       259
    1469,  9,       235
    1680,  2,       158
    1694,  2,       150
    1740,  2,       154
    1742,  2,       154
    1760,  2,       146
    1833,  2,       112
    1893,  2,       144
    2162,  9,       311
    2166,  9,       357
    2200,  9,       355
    2225,  9,       353
    2339,  9,       400
    2341,  9,       366
    2355,  9,       369
    2881,  9,       281
    3166,  9,       257
    3244,  9,       243
    3373,  9,       245
    3389,  2,       140
    3524,  9,       197
    3838,  9,       226
    4126,  9,       208
    4140,  9,       263
    4154,  9,       185
    4275,  9,       188
    4291,  9,       149
    4292,  9,       160
    4297,  9,       179
    6016,  2,       127
    6179,  2,       126
    6180,  2,       116
    6188,  2,       119
    6309,  9,       205
    6358,  2,       120
    6361,  2,       133
    6458,  2,        82
    6469,  2,        86
    6657,  2,        98
    6670,  2,        78
    6672,  2,        78
    6673,  2,        76
    6739,  9,       221
    6766,  2,        88
    6767,  2,        81
    6768,  2,        81
    6892,  2,        90
    6901,  9,       187
    6976,  2,        74
    7126,  9,       155
    7254,  9,       155
    9161,  2,        79
   12420,  2,        55
   13104,  2,        49
   13457,  2,        50
   13847,  2,        47
   14587,  2,        19
   15325,  2,        16
   15326,  2,        15
   15327,  2,        15
   16011,  2,        30
   16026,  2,        15
   18221,  2,        15
   19657,  2,         5
   19928,  2,         5
   20985,  2,        19
      50,  9,       331
      96,  2,       134
     362,  2,       340
    1229,  9,       230
    1423,  9,       237
    1711,  2,       149
    1713,  2,       155
    1764,  2,       159
    1765,  2,       153
    1781,  2,       156
    1858,  2,       135
    2035,  9,       388
    2150,  9,       379
    2196,  9,       352
    2216,  2,       312
    2237,  2,       158
    2277,  9,       406
    2333,  2,       377
    2338,  9,       351
    2581,  9,       249
    3160,  2,       157
    3228,  9,       225
    3365,  9,       236
    3526,  9,       199
    3636,  9,       230
    3680,  9,       192
    3718,  9,       239
    3985,  9,       212
    4150,  9,       199
    4257,  9,       182
    4276,  9,       196
    4439,  9,       200
    4440,  9,       189
    6052,  2,       119
    6148,  2,       131
    6164,  2,       122
    6183,  2,       118
    6192,  2,       134
    6193,  2,       124
    6194,  2,       124
    6326,  2,       129
    6535,  9,       207
    6769,  2,        83
    6821,  9,       212
    6830,  9,       189
    6888,  2,        80
    6891,  2,        84
    6991,  2,        77
    6993,  2,        82
    7139,  9,       149
    7267,  9,       150
    7268,  9,       152
    7269,  9,       146
    9162,  2,        81
    9163,  2,        83
    9169,  2,        81
   13257,  2,        45
   13261,  2,        45
   13265,  2,        45
   13461,  2,        48
   13465,  2,        50
   13469,  2,        50
   13843,  2,        47
   14516,  2,        38
   14519,  2,        34
   15289,  2,        26
   15290,  2,        35
   16003,  2,        26
   16004,  2,        27
   16008,  2,        33
   16009,  2,        23
   16019,  2,        29
   16489,  2,        37
   18227,  2,         7
   20979,  2,        18
     320,  2,       381
    1219,  2,       160
    1279,  9,       249
    1519,  9,       229
    1716,  2,       155
    1860,  2,       136
    2040,  9,       388
    2139,  2,       352
    2185,  2,       114
    2202,  2,       330
    2249,  2,       115
    2424,  2,       361
    2441,  2,       317
    2515,  2,       387
    2684,  2,       146
    3227,  9,       236
    3262,  2,       351
    3396,  9,       222
    3573,  2,       144
    4290,  9,       185
    6032,  2,       160
    6160,  2,       130
    6187,  2,       130
    6333,  9,       239
    6642,  9,       222
    6674,  2,        80
    6675,  2,        79
    6736,  2,       126
    6770,  2,        85
    6779,  2,        91
    6999,  9,       173
    7118,  9,       156
    7127,  9,       176
    7140,  9,       151
    7141,  9,       154
    7270,  9,       145
    8135,  2,        20
   10344,  2,        59
   12901,  2,        48
   13252,  2,        47
   13253,  2,        45
   14515,  2,        35
   15285,  2,        32
   15288,  2,        29
   16005,  2,        33
   16016,  2,        25
   16392,  2,        29
   16394,  2,        28
   16395,  2,        30
   16763,  2,        26
   18807,  2,         6
   18808,  2,         6
      62,  9,       363
     891,  2,       350
    1730,  2,       152
    1733,  2,       154
    1761,  2,       145
    1830,  9,       234
    1831,  2,       155
    2157,  9,       379
    2340,  9,       391
    2676,  2,       154
    2683,  2,       152
    3412,  2,       152
    3693,  9,       286
    3841,  9,       278
    4070,  9,       260
    4296,  9,       183
    5571,  2,        17
    5572,  2,        15
    6126,  2,       122
    6142,  2,       123
    6178,  2,       133
    6459,  2,        88
    6566,  9,       261
    6571,  2,        94
    6576,  2,       105
    6676,  2,        77
    6771,  2,        92
    6781,  2,        90
    6838,  9,       246
    6903,  9,       195
    6994,  2,        85
    7111,  2,        72
    7116,  2,        71
    7128,  9,       155
    7256,  9,       151
    7258,  9,       160
    7259,  9,       155
    8063,  2,        20
    8134,  2,        18
   10934,  2,        66
   10937,  2,        58
   12356,  9,       211
   12419,  2,        55
   13109,  2,        44
   13256,  2,        51
   13853,  2,        36
   15281,  2,        36
   15284,  2,        31
   16000,  2,        30
   16478,  2,       128
   16569,  2,        33
   19267,  2,         5
   19268,  2,         5
   19269,  2,         5
     190,  9,       414
     199,  9,       370
     358,  2,       361
    1712,  2,       149
    1714,  2,       151
    1753,  2,       125
    1802,  2,       155
    1889,  2,       138
    1934,  2,       143
    2186,  2,       120
    2187,  2,       118
    2209,  2,       296
    2278,  2,       310
    2467,  2,       165
    2471,  2,       159
    2540,  2,       356
    2651,  9,       337
    2801,  2,       147
    3127,  2,       326
    5532,  2,        14
    5540,  2,        20
    5573,  2,        12
    6199,  2,       128
    6336,  2,       112
    6438,  2,        93
    6448,  2,        82
    6507,  2,        81
    6661,  2,        94
    6712,  9,       267
    6754,  2,       104
    6840,  9,       234
    6874,  2,       105
    6875,  2,        84
    6876,  2,        87
    6890,  2,        84
    6923,  9,       165
    6935,  9,       196
    6979,  2,        82
    6982,  2,        91
    6984,  2,        94
    6992,  2,        84
    7129,  9,       166
    7137,  9,       177
    7138,  9,       182
    8153,  2,        13
    8470,  2,        15
    9251,  2,        69
    9262,  2,        64
   10361,  2,        62
   10689,  2,        65
   10691,  2,        65
   10931,  2,        60
   13854,  2,        40
   15276,  2,        33
   15280,  2,        31
   15321,  2,        22
   16020,  2,        21
   16393,  2,        30
   16619,  2,        10
   19382,  2,         5
   20590,  2,         7
   21103,  2,        10
      30,  2,       163
     205,  2,       351
     340,  2,       360
     377,  2,       381
     379,  9,       361
     451,  2,       339
     900,  2,       371
    1700,  2,       148
    1717,  2,       153
    1803,  2,       155
    2497,  2,       373
    2693,  2,       350
    2902,  9,       373
    3416,  2,       159
    3661,  9,       239
    4541,  9,       148
    5541,  2,        22
    5629,  2,        15
    6572,  2,        91
    6773,  2,        94
    6782,  2,        83
    6783,  2,        89
    6884,  2,        92
    6889,  2,        80
    6983,  2,        93
    7112,  2,        66
    7113,  2,        66
    7114,  2,        66
    7132,  9,       150
    8527,  2,        24
    8534,  2,        20
    9245,  2,        70
   12005,  2,        61
   12898,  2,        49
   13106,  2,        44
   14560,  2,        33
   14607,  2,        25
   15277,  2,        28
   15286,  2,        35
   15291,  2,        34
   16626,  2,        10
   16802,  2,         5
   19634,  2,         8
   20114,  2,         4
   20376,  2,         7
   21098,  2,        11
      72,  9,       363
     317,  2,       369
     506,  2,       339
     758,  2,       358
     892,  2,       359
     899,  2,       355
     906,  2,       360
    2007,  9,       262
    2119,  2,       124
    2120,  2,       128
    2354,  9,       398
    2800,  2,       158
    2809,  2,       366
    4540,  9,       153
    4553,  9,       150
    4564,  9,       144
    5542,  2,        22
    5543,  2,        26
    5628,  2,        19
    6266,  2,       138
    6397,  2,       113
    6399,  2,        83
    6413,  2,       147
    6441,  2,        90
    6662,  2,        94
    6737,  9,       232
    6755,  2,       100
    6763,  2,       106
    6764,  2,        92
    6772,  2,        96
    6784,  2,        91
    7000,  9,       171
    7115,  2,        66
    7130,  9,       178
    9261,  2,        64
   10358,  2,        62
   12003,  2,        55
   12004,  2,        60
   14559,  2,        33
   15282,  2,        33
   15287,  2,        34
   15997,  2,        30
   16022,  2,        18
   16499,  2,         9
   18809,  2,         6
   19381,  2,         6
   19424,  2,         7
   19619,  2,        12
   20969,  2,        24
   21277,  2,        71
   21306,  2,        83
      90,  2,       373
     246,  2,       379
    1682,  2,       151
    1691,  2,       174
    1746,  2,       149
    1747,  2,       149
    1748,  2,       159
    1859,  2,       139
    2275,  9,       374
    2807,  2,       359
    3159,  2,       157
    3380,  9,       280
    3411,  2,       153
    3603,  9,       210
    4531,  9,       154
    4542,  9,       158
    5533,  2,        17
    5568,  2,        17
    5569,  2,        15
    5627,  2,        15
    6149,  2,       132
    6196,  9,       247
    6401,  2,        88
    6439,  2,        89
    6449,  2,        87
    6450,  2,        85
    6496,  2,       108
    6660,  2,        98
    6664,  2,        97
    6765,  2,        95
    6774,  2,        94
    6813,  9,       220
    7131,  9,       179
    7151,  9,       153
    8186,  2,        15
    8533,  2,        24
    8641,  2,        14
    9256,  2,        64
   12895,  2,        51
   13103,  2,        44
   14555,  2,        31
   14556,  2,        29
   15278,  2,        33
   16017,  2,        22
   18827,  2,        15
   21110,  2,        15
     131,  2,       176
     260,  2,       222
     286,  9,       382
     489,  9,       378
     683,  2,       368
    1749,  2,       157
    1805,  2,       156
    2183,  2,       122
    2248,  2,       120
    3413,  2,       157
    3850,  9,       237
    4265,  9,       248
    4571,  9,       172
    4575,  9,       150
    4576,  9,       151
    6220,  2,       161
    6398,  2,        86
    6402,  2,        93
    6442,  2,        94
    6452,  2,        91
    6460,  2,        86
    6508,  2,        85
    6663,  2,       102
    6780,  2,        88
    6877,  2,        86
    6913,  9,       170
    6980,  2,        80
    6985,  2,        91
    7257,  9,       173
    8597,  2,         9
    8626,  2,        16
   10355,  2,        64
   11999,  2,        57
   12001,  2,        62
   13849,  2,        40
   14552,  2,        29
   14608,  2,        16
   16760,  2,        28
   19423,  2,         7
      32,  2,       158
      97,  2,       149
      98,  2,       148
      99,  2,       152
     115,  2,       143
     116,  2,       150
     181,  2,       362
     233,  2,       365
     363,  2,       348
     397,  1,       372
     436,  9,       387
    1603,  9,       237
    2897,  9,       359
    3272,  2,       160
    3566,  2,       157
    3678,  9,       270
    3719,  9,       258
    4260,  9,       232
    4293,  9,       196
    4552,  9,       154
    6091,  2,       132
    6208,  2,       158
    6245,  2,       149
    6258,  2,       152
    6307,  2,       144
    6391,  2,        94
    6393,  2,        92
    6400,  2,        91
    6404,  2,        94
    6453,  2,        97
    6461,  2,        89
    6483,  2,       167
    6573,  2,       101
    6658,  2,        95
    6666,  2,        94
    6697,  9,       201
    6746,  2,       133
    6756,  2,        97
    6811,  9,       217
    6866,  2,        93
    6966,  2,        77
    6971,  2,        91
    6981,  2,        89
    6998,  9,       169
    7399,  9,       142
    7400,  9,       146
    7402,  9,       154
    8187,  2,        13
    8188,  2,        13
    8189,  2,        15
    8521,  2,        14
    8522,  2,        14
    8523,  2,        14
    8524,  2,        14
    8525,  2,        14
    8526,  2,        24
    8634,  2,        14
    8635,  2,        14
    8636,  2,        14
    8637,  2,        14
   12669,  2,        52
   12900,  2,        45
   13850,  2,        40
   14579,  2,        22
   14600,  2,        21
   14603,  2,        27
   16440,  2,       109
   16517,  2,        88
   16636,  2,         7
   18859,  2,         3
   19732,  2,        11
     401,  2,       337
    1804,  2,       156
    1931,  2,       136
    2018,  2,       138
    2073,  2,       130
    2118,  2,       131
    3282,  2,       155
    3370,  9,       234
    3399,  2,       156
    3990,  9,       270
    4366,  9,       187
    4431,  9,       186
    4563,  9,       156
    5978,  2,       133
    6224,  2,       149
    6313,  2,       153
    6337,  2,       114
    6338,  2,       112
    6385,  2,       119
    6389,  2,       106
    6392,  2,        90
    6421,  2,       158
    6434,  2,       110
    6440,  2,        96
    6443,  2,        98
    6497,  2,       113
    6540,  9,       354
    6541,  2,       163
    6574,  2,       103
    6643,  9,       261
    6665,  2,       103
    6710,  9,       245
    6752,  2,       141
    6908,  9,       205
    7135,  9,       176
    7397,  9,       149
    7398,  9,       150
    8620,  2,        12
    8621,  2,        12
    8622,  2,        12
    8623,  2,        12
    9239,  2,        74
    9250,  2,        72
   12000,  2,        61
   14583,  2,        23
   14599,  2,        25
   14604,  2,        22
   14609,  2,        16
   14610,  2,        14
   16023,  2,        19
   16264,  2,        10
   16476,  2,       115
   18858,  2,         6
   20380,  2,         7
      55,  2,       147
      79,  2,       154
      80,  2,       154
      95,  2,       146
     200,  9,       393
    1829,  9,       247
    2004,  9,       218
    2060,  9,       264
    2180,  2,       128
    2242,  9,       208
    2321,  9,       214
    2649,  9,       414
    2764,  9,       344
    3280,  2,       159
    3285,  2,       159
    3290,  2,       152
    3388,  2,       145
    3500,  9,       259
    3511,  9,       228
    3558,  2,       152
    3565,  2,       153
    3879,  2,       353
    4729,  9,       154
    4730,  9,       159
    6218,  2,       153
    6262,  2,       149
    6271,  9,       235
    6353,  2,       153
    6374,  2,       116
    6382,  2,       103
    6386,  2,       121
    6394,  2,        98
    6403,  2,        91
    6405,  2,        98
    6408,  2,       154
    6409,  2,       156
    6431,  2,       116
    6491,  2,       135
    6570,  2,        99
    6575,  2,       106
    6623,  2,       150
    6881,  2,       112
    6882,  2,       115
    6883,  2,       118
    6910,  9,       180
    6970,  2,        92
    6996,  9,       172
    7027,  9,       160
    7103,  2,        73
    7105,  2,        79
    7134,  9,       172
    7374,  9,       157
   11995,  2,        61
   12666,  2,        54
   12897,  2,        45
   13842,  2,        38
   13846,  2,        38
   14548,  2,        33
   14551,  2,        33
   14557,  2,        38
   14561,  2,        34
   15317,  2,        28
   16015,  2,        21
   16567,  2,        27
   16634,  2,        12
   16757,  2,        28
   19551,  2,         7
     269,  2,       367
     330,  2,       358
     380,  9,       382
     890,  2,       371
    1725,  2,       363
    1827,  9,       298
    2173,  9,       209
    2182,  2,       128
    2245,  2,       132
    2495,  2,       398
    2568,  2,       381
    2691,  2,       365
    2766,  2,       384
    2790,  9,       283
    2793,  9,       338
    3020,  2,       367
    3523,  9,       202
    3571,  2,       146
    3997,  9,       249
    4000,  9,       286
    6217,  2,       147
    6223,  2,       159
    6225,  2,       150
    6249,  2,       167
    6256,  2,       153
    6259,  2,       155
    6318,  2,       139
    6332,  9,       254
    6348,  2,       160
    6350,  2,       154
    6351,  2,       166
    6355,  2,       166
    6420,  2,       146
    6426,  2,       143
    6432,  2,       103
    6435,  2,       121
    6451,  2,        90
    6494,  2,       117
    6509,  2,        93
    6577,  2,       110
    6578,  2,       104
    6659,  2,       101
    6698,  9,       187
    6798,  9,       318
    6896,  9,       159
    6897,  9,       199
    6911,  9,       170
    6912,  9,       178
    6967,  2,        91
    6969,  2,        90
    6972,  2,        99
    7005,  9,       205
    7016,  9,       162
    7102,  2,        73
    7104,  2,        75
    7133,  9,       147
    9255,  2,        70
    9313,  2,        72
    9315,  2,        70
   13260,  2,        52
   13468,  2,        41
   13845,  2,        42
   13886,  2,        32
   13917,  2,        26
   14547,  2,        31
   14553,  2,        36
   15272,  2,        31
   15275,  2,        42
   15283,  2,        36
   15322,  2,        21
   15323,  2,        21
   15584,  2,        13
   16002,  2,        31
   16013,  2,        22
   16014,  2,        26
   16201,  2,         6
   19512,  2,        17
   19902,  2,         6
      11,  9,       407
     135,  2,       338
     175,  2,       370
     176,  2,       372
     482,  2,       207
     560,  2,       373
     573,  2,       380
     762,  2,       376
     767,  2,       382
     843,  9,       286
     889,  2,       368
     898,  2,       343
    1855,  2,       168
    1930,  2,       143
    2181,  2,       123
    2317,  2,       161
    2419,  2,       383
    2427,  2,       387
    2512,  2,       362
    2707,  2,       383
    3161,  2,       161
    3162,  2,       168
    3238,  9,       266
    3242,  9,       197
    3259,  9,       226
    3286,  2,       155
    3402,  2,       151
    3420,  2,       155
    3425,  2,       155
    3433,  2,       157
    3824,  9,       261
    3999,  9,       231
    4718,  9,       152
    6184,  2,       153
    6186,  2,       151
    6293,  2,       156
    6314,  2,       140
    6323,  9,       328
    6330,  2,       118
    6352,  2,       159
    6383,  2,       105
    6387,  2,       121
    6390,  2,        93
    6395,  2,       111
    6422,  2,       136
    6444,  2,       104
    6472,  2,       163
    6474,  2,       149
    6477,  2,       145
    6495,  2,       117
    6501,  9,       247
    6537,  2,       155
    6848,  9,       184
    6864,  2,       121
    6974,  2,        94
    6975,  2,       100
    7001,  9,       189
    7101,  2,        76
    7121,  9,       199
    7150,  9,       157
    7261,  9,       162
    7281,  9,       155
    9233,  2,        73
   11991,  2,        65
   13464,  2,        41
   13878,  2,        33
   13882,  2,        35
   13887,  2,        39
   14549,  2,        38
   14596,  2,        18
   15268,  2,        33
   15279,  2,        34
   15305,  2,        21
   15306,  2,        26
   15994,  2,        30
   19513,  2,        14
   19903,  2,         4
   20103,  2,        11
     123,  2,       400
     150,  2,       360
     251,  9,       374
     276,  2,       381
     419,  2,       340
     455,  2,       375
     491,  2,       345
     572,  2,       378
     633,  2,       360
     734,  2,       353
     768,  2,       368
    1257,  2,       346
    1723,  2,       358
    1741,  2,       155
    1929,  2,       144
    2008,  2,       160
    2244,  2,       134
    2256,  2,       129
    2325,  2,       367
    2332,  2,       365
    2408,  2,       362
    2416,  2,       404
    2421,  2,       396
    2514,  2,       399
    2603,  2,       367
    2604,  2,       363
    2605,  2,       364
    3027,  2,       376
    3287,  2,       153
    6007,  2,       134
    6234,  2,       334
    6247,  2,       156
    6364,  2,       152
    6388,  2,       125
    6498,  2,       119
    6622,  2,       340
    6899,  9,       224
    6968,  2,        84
    6973,  2,        98
    7026,  9,       183
    7142,  9,       156
    7152,  9,       160
    7368,  9,       159
    7371,  9,       151
    7373,  9,       163
    7383,  9,       162
    7384,  9,       159
    7401,  9,       153
    7408,  9,       161
    7409,  9,       160
    7412,  9,       163
    7413,  9,       163
   12894,  2,        50
   13460,  2,        39
   13873,  2,        38
   13879,  2,        37
   13883,  2,        37
   13885,  2,        35
   14601,  2,        21
   14602,  2,        20
   14605,  2,        23
   15271,  2,        43
   15304,  2,        23
   16001,  2,        37
   16012,  2,        22
   16497,  2,        12
   19533,  2,        10
       5,  2,       367
      86,  2,       449
     117,  2,       388
     141,  2,       179
     289,  2,       357
     346,  2,       356
     416,  2,       340
     422,  2,       397
     469,  2,       355
     584,  2,       350
     616,  2,       353
     624,  2,       380
     670,  2,       350
     701,  2,       368
     731,  2,       357
     753,  2,       391
     757,  2,       366
     773,  2,       337
     779,  2,       354
     850,  2,       376
     851,  2,       378
     907,  2,       374
    1068,  2,       380
    1099,  9,       245
    2176,  9,       228
    2246,  2,       135
    2600,  2,       383
    3283,  2,       157
    3418,  2,       158
    5534,  2,        16
    5626,  2,        20
    5651,  2,        17
    5652,  2,        17
    5653,  2,        17
    5654,  2,        17
    6020,  2,       129
    6263,  2,       162
    6335,  2,       116
    6445,  2,       111
    6475,  2,       154
    6499,  2,       116
    7271,  9,       169
    7280,  9,       172
    7363,  9,       153
    7396,  9,       162
    7407,  9,       159
    7410,  9,       160
    7411,  9,       164
    9314,  2,        70
   12663,  2,        53
   13493,  2,        34
   13497,  2,        34
   13874,  2,        31
   14606,  2,        20
   15263,  2,        45
   15298,  2,        28
   15301,  2,        25
   15302,  2,        28
   15307,  2,        27
   15318,  2,        21
   18189,  2,         8
   18190,  2,         8
   19516,  2,         7
      40,  2,       168
     134,  2,       338
     184,  2,       383
     212,  2,       360
     300,  2,       337
     316,  2,       380
     386,  9,       457
     392,  2,       367
     559,  2,       346
     721,  2,       340
     723,  2,       356
     754,  9,       412
     780,  2,       348
    1217,  2,       182
    1852,  2,       159
    2257,  2,       135
    2417,  2,       394
    2508,  9,       419
    2509,  9,       406
    2692,  2,       367
    3263,  2,       352
    3275,  9,       203
    3424,  2,       152
    3852,  9,       237
    3981,  9,       265
    5505,  2,        16
    5506,  2,        14
    5507,  2,        14
    6033,  2,       144
    6339,  2,       119
    6372,  2,       330
    6433,  2,       113
    6563,  2,       127
    6873,  2,       126
    6880,  2,       119
    7024,  9,       219
    7362,  9,       152
    7372,  9,       157
    8585,  2,        18
    8586,  2,        22
    8587,  2,        22
    8588,  2,        22
   11400,  2,        65
   12662,  2,        53
   13489,  2,        36
   13492,  2,        35
   13496,  2,        32
   13499,  2,        35
   13500,  2,        32
   13501,  2,        36
   13875,  2,        35
   13881,  2,        35
   14562,  2,        41
   15293,  2,        27
   15297,  2,        25
   15299,  2,        29
   15303,  2,        27
   15313,  2,        24
   16496,  2,        15
   16788,  2,        13
   16793,  2,         9
   18228,  2,        12
     106,  9,       417
     112,  2,       162
     452,  2,       346
     459,  2,       383
     470,  2,       358
     523,  2,       376
     626,  2,       361
     634,  2,       386
     699,  2,       365
     726,  2,       359
     788,  2,       339
    1936,  2,       135
    2247,  2,       133
    2255,  2,       134
    2351,  2,       367
    2496,  2,       414
    2511,  9,       407
    2686,  2,       366
    3042,  9,       203
    3157,  9,       376
    3279,  2,       362
    5404,  2,        22
    5502,  2,        23
    5503,  2,        17
    5504,  2,        17
    5599,  2,        16
    6003,  2,       146
    6324,  2,       148
    6377,  9,       216
    6384,  2,       110
    6396,  2,       116
    6957,  2,        87
    7028,  9,       198
    7239,  9,       187
    7272,  9,       159
    7275,  9,       157
    7283,  9,       158
    7365,  9,       155
    7420,  9,       161
    7422,  9,       164
    8176,  2,        24
    8520,  2,        22
    9244,  2,        70
   11390,  2,        70
   13290,  2,        36
   13488,  2,        35
   13495,  2,        37
   13877,  2,        37
   13934,  2,        19
   14554,  2,        37
   14558,  2,        39
   14595,  2,        21
   14597,  2,        19
   15270,  2,        42
   15294,  2,        26
   15295,  2,        27
   16265,  2,        11
   19514,  2,        11
     103,  2,       387
     139,  2,       370
     140,  2,       398
     185,  2,       383
     218,  2,       365
     285,  9,       393
     314,  9,       428
     371,  2,       387
     417,  2,       349
     522,  2,       379
     618,  2,       344
     627,  2,       374
     657,  2,       348
     714,  2,       337
     742,  2,       379
     810,  9,       406
     976,  9,       353
    1014,  2,       345
    1757,  2,       158
    2262,  2,       391
    2501,  2,       364
    2589,  2,       394
    2593,  9,       412
    3155,  9,       431
    3353,  9,       376
    3403,  2,       156
    3419,  2,       153
    3432,  2,       158
    3504,  9,       258
    4298,  9,       235
    5535,  2,        16
    5536,  2,        24
    5598,  2,        12
    6006,  2,       148
    6376,  2,       128
    6638,  2,       136
    6758,  2,       122
    6761,  2,       130
    6762,  2,       134
    6865,  2,       128
    6870,  2,       127
    6872,  2,       127
    6958,  2,        88
    6961,  2,        94
    7238,  9,       180
    7421,  9,       166
    8146,  2,        18
    8584,  2,        20
    8589,  2,         9
   11993,  2,        67
   11996,  2,        63
   11997,  2,        65
   13287,  2,        38
   13456,  2,        42
   13491,  2,        35
   13841,  2,        45
   14546,  2,        43
   15309,  2,        24
   15319,  2,        23
   19515,  2,        10
      31,  2,       164
      48,  2,       178
      77,  2,       169
     109,  2,       158
     439,  2,       403
     495,  2,       337
     516,  2,       353
     551,  2,       375
     688,  2,       344
     736,  2,       351
     805,  9,       424
     974,  9,       424
    1972,  2,       153
    2062,  9,       244
    2282,  2,       384
    2305,  9,       254
    2425,  2,       376
    2602,  2,       361
    2650,  9,       379
    2785,  2,       397
    3281,  2,       169
    3359,  9,       277
    3414,  2,       153
    3417,  2,       149
    3681,  9,       213
    5597,  2,        14
    5625,  2,        18
    6354,  2,       156
    6414,  2,       161
    6555,  9,       246
    6645,  9,       308
    6656,  2,       126
    6867,  2,       117
    6960,  2,        94
    7007,  9,       156
    7015,  9,       164
    7083,  2,        83
    7094,  2,        83
    7100,  2,        73
    7155,  9,       187
    7262,  9,       185
    7385,  9,       182
    8128,  2,        22
   11394,  2,        70
   11398,  2,        70
   12668,  2,        49
   13284,  2,        38
   13289,  2,        34
   13884,  2,        36
   14550,  2,        37
   14578,  2,        28
   15267,  2,        40
   15314,  2,        22
   16200,  2,         6
   20971,  2,        24
      70,  2,       385
      78,  2,       167
     309,  2,       381
     391,  2,       400
     563,  2,       371
    1745,  2,       159
    2017,  2,       152
    2280,  9,       393
    2588,  2,       400
    3274,  9,       225
    3288,  2,       152
    3423,  2,       159
    3434,  2,       156
    4269,  9,       248
    5650,  2,        18
    6248,  2,       176
    6340,  2,       121
    6407,  2,       163
    6716,  2,       159
    6745,  2,       130
    6854,  2,       127
    6855,  2,       131
    6862,  2,       121
    6879,  2,       115
    7274,  9,       155
    7431,  9,       152
    8129,  2,        20
    8130,  2,        22
    8147,  2,        16
    8519,  2,        24
    8583,  2,        24
    8591,  2,        17
    9243,  2,        76
    9249,  2,        71
    9308,  2,        72
   11392,  2,        65
   11396,  2,        65
   11992,  2,        65
   13487,  2,        36
   13929,  2,        28
   13933,  2,        28
   13935,  2,        21
   14573,  2,        31
   14598,  2,        18
   15310,  2,        20
   15999,  2,        36
   16217,  2,         6
       9,  9,       411
      14,  2,       363
      21,  9,       280
      71,  2,       380
      93,  2,       160
      94,  2,       162
     118,  2,       387
     228,  9,       419
     278,  2,       355
     366,  9,       407
     390,  2,       371
     611,  2,       347
     678,  2,       352
     692,  2,       361
     878,  2,       352
    1106,  2,       345
    1690,  2,       166
    2092,  2,       365
    2174,  9,       223
    2272,  2,       344
    2310,  9,       229
    2315,  2,       140
    2331,  2,       400
    2418,  2,       382
    2579,  9,       337
    2938,  2,       401
    3025,  9,       303
    3163,  2,       157
    3265,  2,       379
    3284,  2,       168
    3289,  2,       154
    3401,  2,       148
    3891,  2,       335
    5596,  2,        20
    6331,  2,       129
    6493,  2,       136
    6649,  2,       127
    6654,  2,       129
    6743,  9,       249
    6747,  2,       122
    6959,  2,       102
    6964,  2,       110
    7089,  2,        76
    7090,  2,        76
    7165,  9,       181
    7168,  9,       167
    7554,  9,       152
    7584,  9,       167
    8575,  2,        17
    8640,  2,        14
   10935,  2,        70
   11388,  2,        66
   11402,  2,        70
   12554,  2,        55
   13467,  2,        46
   14592,  2,        23
     287,  2,       349
     288,  2,       352
     299,  2,       361
     444,  2,       331
     462,  2,       406
     592,  2,       361
     619,  2,       355
     750,  9,       412
     771,  2,       337
    1123,  2,       341
    1726,  2,       162
    1769,  2,       139
    2115,  9,       211
    2254,  2,       140
    2314,  2,       143
    2402,  9,       275
    2420,  2,       391
    2490,  2,       368
    2502,  9,       427
    3257,  9,       407
    3258,  2,       153
    3271,  2,       149
    3379,  9,       404
    3409,  2,       155
    3430,  2,       169
    3512,  9,       264
    3553,  2,       153
    3570,  9,       284
    3710,  2,       154
    6015,  2,       123
    6221,  2,       165
    6302,  2,       163
    6473,  2,       153
    6485,  2,       155
    6711,  9,       292
    6753,  2,       131
    6868,  2,       123
    6871,  2,       132
    6914,  9,       253
    6918,  9,       180
    6947,  2,        88
    6956,  2,        80
    7002,  9,       161
    7006,  9,       217
    7023,  9,       171
    7025,  9,       164
    7082,  2,        83
    7091,  2,        78
    7092,  2,        78
    7093,  2,        80
    7278,  9,       156
    7282,  9,       169
    7555,  9,       150
    8578,  2,        20
    8579,  2,        18
    8580,  2,        18
    8581,  2,        18
    9301,  2,        78
    9307,  2,        72
   10932,  2,        71
   12555,  2,        50
   13264,  2,        45
   13913,  2,        24
   14577,  2,        29
   14593,  2,        21
   16198,  2,         5
   16199,  2,         5
   16246,  2,        10
      87,  2,       384
     108,  2,       370
     114,  2,       165
     265,  2,       335
     304,  9,       426
     361,  2,       339
     364,  2,       362
     395,  2,       375
     409,  2,       404
     553,  2,       346
     588,  2,       373
     621,  2,       368
     671,  2,       360
    1729,  2,       161
    2158,  9,       370
    2208,  2,       388
    2312,  2,       145
    2313,  2,       144
    2323,  2,       153
    2407,  2,       362
    2596,  9,       478
    3384,  9,       289
    3410,  9,       218
    3429,  2,       166
    3552,  2,       162
    3557,  2,       172
    3564,  2,       147
    5497,  2,        17
    6222,  2,       166
    6232,  2,       344
    6375,  2,       142
    6410,  2,       171
    6476,  2,       152
    6561,  2,       132
    6562,  2,       142
    6717,  9,       221
    6760,  2,       138
    6834,  2,       157
    6869,  2,       127
    6962,  2,       112
    7008,  9,       173
    7013,  9,       177
    7038,  9,       216
    7273,  9,       195
    7276,  9,       191
    7277,  9,       189
    7375,  9,       200
    7540,  9,       191
   10688,  2,        70
   11401,  2,        69
   13909,  2,        28
   13925,  2,        31
   13930,  2,        20
   13936,  2,        20
   14569,  2,        35
   14576,  2,        31
   15300,  2,        27
   15311,  2,        22
   15315,  2,        23
   15353,  2,        17
   16039,  2,        10
   16247,  2,         9
   16263,  2,        11
   20984,  2,        29
   21117,  2,        11
     157,  9,       449
     376,  9,       451
     420,  2,       357
     456,  2,       390
     604,  2,       357
     609,  2,       359
     828,  2,       352
     893,  2,       373
    1702,  9,       364
    1882,  2,       155
    2014,  2,       147
    2252,  2,       150
    2253,  2,       145
    2352,  9,       483
    2405,  2,       364
    2522,  9,       470
    2601,  2,       383
    3431,  2,       157
    3556,  9,       286
    3577,  2,       162
    3705,  9,       365
    4033,  2,       330
    4289,  9,       172
    6214,  2,       158
    6371,  9,       299
    6946,  2,        94
    6965,  2,       128
    7004,  9,       195
    7263,  9,       184
    7425,  9,       153
    7426,  9,       155
    7552,  9,       166
    9238,  2,        72
    9306,  2,        71
   10929,  2,        73
   11397,  2,        69
   13531,  2,        31
   13898,  2,        34
   13926,  2,        24
   13931,  2,        23
   14564,  2,        38
   14572,  2,        31
   14588,  2,        28
   14594,  2,        23
   15296,  2,        29
   16248,  2,         8
   16249,  2,        14
   16260,  2,        13
   16464,  2,        17
   16465,  2,        17
   16466,  2,        19
   19737,  2,         9
   19738,  2,         9
   19868,  2,        17
   21298,  2,        92
      41,  2,       167
      81,  2,       175
     245,  2,       390
     268,  2,       351
     306,  9,       370
     348,  2,       388
     353,  2,       394
     413,  2,       349
     426,  2,       385
     537,  2,       361
     558,  2,       380
     635,  2,       388
     656,  2,       351
     763,  2,       383
     772,  9,       391
     797,  2,       389
     849,  9,       438
    2089,  2,       330
    2295,  2,       335
    2406,  2,       372
    2595,  2,       358
    2648,  9,       421
    2770,  2,       344
    3276,  9,       315
    3549,  2,       159
    3865,  9,       352
    6557,  9,       201
    6646,  9,       332
    6650,  2,       129
    6748,  2,       138
    6853,  2,       149
    7019,  9,       171
    7032,  9,       226
    7041,  9,       166
    7072,  2,        87
    7427,  9,       152
    7562,  9,       194
    7593,  9,       161
    7690,  9,       168
    9294,  2,        78
    9311,  2,        68
   10359,  2,        70
   13905,  2,        31
   14565,  2,        35
   14574,  2,        31
   14589,  2,        21
   15292,  2,        30
   15597,  2,        11
   15598,  2,        11
   15599,  2,        11
   16630,  2,         7
   21239,  2,        32
   21302,  2,       125
     407,  2,       403
     471,  2,       368
     638,  2,       397
     679,  2,       372
     752,  2,       388
     777,  2,       360
    1061,  2,       354
    1698,  2,       168
    2161,  9,       411
    2426,  2,       400
    2510,  9,       493
    2597,  2,       385
    3525,  9,       205
    4027,  2,       351
    4847,  9,       164
    5405,  2,        22
    5498,  2,        19
    5499,  2,        16
    6294,  2,       155
    6815,  9,       251
    6845,  9,       242
    6856,  2,       133
    6948,  2,        98
    6963,  2,       111
    7177,  9,       187
    7286,  9,       188
    7289,  9,       170
    7428,  9,       159
    7429,  9,       172
    7438,  9,       169
    7541,  9,       181
    7556,  9,       154
    7564,  9,       163
    7565,  9,       170
    7567,  9,       162
    7571,  9,       177
    7572,  9,       186
    7574,  9,       166
    7582,  9,       192
    7583,  9,       192
    7592,  9,       155
    7594,  9,       156
    7595,  9,       156
    7678,  9,       164
    7686,  9,       154
    7687,  9,       152
    7688,  9,       188
    7697,  9,       152
    7699,  9,       177
    7700,  9,       169
    8079,  2,        17
    9300,  2,        82
    9418,  9,       173
    9475,  9,       170
   10356,  2,        72
   12022,  2,        65
   12552,  2,        52
   13527,  2,        33
   13927,  2,        23
   14542,  2,        41
   14568,  2,        36
   15354,  2,        17
   15355,  2,        17
   16625,  2,         8
   18824,  2,         5
   18853,  2,        16
   21267,  2,        32
     152,  9,       413
     243,  2,       407
     334,  9,       455
     344,  2,       375
     349,  2,       392
     564,  9,       413
     565,  2,       385
     610,  2,       351
     632,  2,       392
     703,  2,       372
    1152,  2,       381
    1260,  2,       368
    1349,  2,       350
    2015,  2,       150
    2399,  9,       229
    2432,  2,       433
    2504,  2,       373
    2594,  2,       368
    3530,  9,       226
    4020,  9,       387
    4442,  9,       202
    4858,  9,       158
    4859,  9,       160
    4860,  9,       154
    4870,  9,       152
    5562,  2,        21
    5646,  2,        11
    5647,  2,        11
    5648,  2,        11
    5649,  2,        11
    6639,  2,       137
    6822,  9,       233
    6920,  9,       186
    6949,  2,       108
    6950,  2,       112
    7042,  9,       218
    7143,  9,       184
    7162,  9,       170
    7288,  9,       175
    7292,  9,       159
    7298,  9,       161
    7301,  9,       173
    7312,  9,       160
    7634,  9,       160
    7654,  9,       148
    7677,  9,       156
    8127,  2,        19
    8590,  2,        11
    9467,  9,       161
   10353,  2,        68
   10690,  2,        74
   11393,  2,        71
   12010,  2,        67
   12665,  2,        53
   14584,  2,        30
   16216,  2,         8
   18825,  2,         5
   19740,  2,         9
   19741,  2,         9
   21270,  2,        98
      69,  2,       409
     238,  2,       396
     365,  2,       394
     368,  9,       463
     421,  2,       361
     486,  2,       376
     494,  2,       369
     548,  2,       347
     665,  2,       373
    1104,  9,       401
    1153,  9,       363
    1261,  2,       393
    1710,  2,       156
    1881,  9,       261
    2010,  2,       168
    2013,  2,       154
    4018,  2,       362
    4044,  2,       365
    4079,  2,       356
    5496,  2,        21
    5537,  2,        20
    5559,  2,        13
    5560,  2,        15
    6201,  2,       126
    6298,  2,       155
    6312,  2,       166
    6429,  2,       148
    7071,  2,        88
    7284,  9,       198
    7295,  9,       166
    8177,  2,        24
    9310,  2,        71
   10354,  2,        73
   11419,  2,        70
   12014,  2,        68
   12018,  2,        68
   12436,  2,        55
   12549,  2,        54
   12551,  2,        58
   14580,  2,        26
   14590,  2,        25
   15588,  2,        19
   16197,  2,        12
   16261,  2,        11
   19506,  2,        17
     107,  2,       369
     357,  2,       388
     493,  2,       357
     540,  9,       388
     597,  9,       427
     698,  2,       387
    1110,  2,       384
    1417,  2,       397
    2138,  2,       426
    2715,  9,       451
    2808,  2,       369
    3400,  2,       171
    3724,  2,       382
    3795,  2,       387
    3896,  2,       397
    4073,  2,       361
    5406,  2,        18
    5467,  2,        23
    5500,  2,        26
    5595,  2,        16
    5727,  2,        17
    5728,  2,        17
    5729,  2,        17
    6283,  2,       150
    6416,  2,       161
    6725,  2,       333
    6836,  9,       192
    7099,  2,        77
    7287,  9,       172
    7456,  9,       153
    7466,  9,       151
    8619,  2,        16
    8633,  2,        16
    9299,  2,        74
    9303,  2,        71
   10360,  2,        75
   11389,  2,        72
   11407,  2,        69
   11411,  2,        69
   11415,  2,        74
   13463,  2,        52
   13918,  2,        27
   13921,  2,        31
   13928,  2,        20
   13932,  2,        20
   14585,  2,        26
   15996,  2,        43
   16259,  2,         9
   16462,  2,        17
   19509,  2,        15
   19837,  2,        10
   21301,  2,       108
     301,  2,       413
     338,  9,       355
     447,  9,       407
     526,  2,       410
     552,  2,       384
     620,  2,       363
     820,  9,       361
    1120,  2,       396
    1251,  2,       371
    2011,  2,       178
    2175,  9,       229
    2324,  2,       382
    2893,  9,       436
    3864,  9,       245
    4711,  9,       188
    5439,  2,        25
    5561,  2,        25
    5616,  2,        17
    5645,  2,        27
    5985,  2,       154
    6219,  2,       160
    6228,  2,       161
    6308,  2,       156
    6430,  2,       154
    6484,  2,       152
    6556,  2,       158
    6750,  2,       143
    6863,  2,       132
    6917,  9,       220
    7010,  9,       166
    7035,  9,       191
    7188,  9,       194
    7464,  9,       157
    8131,  2,        23
    8574,  2,        20
    8582,  2,        15
    8711,  2,        23
    8712,  2,        23
    8713,  2,        23
    8714,  2,        23
    9304,  2,        70
    9309,  2,        67
   10357,  2,        79
   10496,  2,        20
   13919,  2,        29
   14581,  2,        26
   15264,  2,        42
   15265,  2,        45
   15266,  2,        41
   15269,  2,        44
   15273,  2,        44
   15274,  2,        49
   15998,  2,        42
   16477,  2,       143
   21303,  2,        76
     230,  2,       416
     244,  2,       413
     347,  2,       382
     393,  9,       520
     403,  2,       408
     457,  2,       371
     527,  2,       378
     541,  9,       394
     570,  2,       400
     613,  2,       380
     637,  9,       443
     667,  2,       352
     697,  2,       404
     732,  2,       382
    1222,  9,       375
    1255,  2,       378
    1331,  2,       354
    1926,  2,       178
    2276,  9,       440
    2296,  2,       323
    2347,  9,       457
    2520,  9,       453
    2888,  2,       423
    5440,  2,        23
    5620,  2,        20
    6008,  2,       155
    6038,  2,       161
    6285,  9,       221
    6558,  2,       152
    6652,  2,       138
    6954,  2,       129
    7051,  9,       218
    7185,  9,       173
    7440,  9,       195
    7679,  9,       173
    9287,  2,        73
    9293,  2,        85
   10946,  2,        70
   12430,  2,        59
   12433,  2,        55
   13888,  2,        35
   14538,  2,        45
   15260,  2,        45
   15262,  2,        41
   21300,  2,        92
   21304,  2,        69
      49,  9,       270
     155,  2,       394
     313,  2,       392
     325,  9,       462
     335,  9,       472
     445,  2,       376
     488,  9,       403
     557,  2,       372
     612,  2,       390
     615,  2,       395
     691,  9,       458
    1262,  2,       412
    2009,  2,       169
    3587,  9,       403
    3604,  9,       463
    4028,  9,       386
    4029,  9,       403
    4080,  2,       386
    5501,  2,        26
    5558,  2,        13
    6039,  9,       233
    6229,  9,       214
    6276,  9,       405
    6315,  9,       309
    6360,  2,       150
    6471,  2,       172
    6937,  2,        96
    6938,  2,       106
    6943,  2,       125
    6952,  2,       119
    7036,  9,       188
    7125,  9,       209
    7193,  9,       169
    9296,  2,        71
    9297,  2,        74
    9426,  9,       150
   10943,  2,        69
   12548,  2,        54
   13105,  2,        54
   13108,  2,        56
   15261,  2,        39
   15995,  2,        48
   16228,  2,        12
   16229,  2,        15
   18826,  2,         5
   19736,  2,        15
     579,  9,       386
     690,  2,       419
     770,  9,       369
     880,  2,       366
    1148,  9,       293
    1263,  9,       404
    1407,  2,       402
    2395,  2,       166
    2533,  9,       465
    2599,  2,       384
    3266,  2,       402
    3392,  2,       172
    5556,  2,        17
    5557,  2,        19
    5565,  2,        23
    5591,  2,        12
    5592,  2,        12
    5593,  2,        14
    5594,  2,        16
    6269,  2,       155
    6936,  2,        98
    7146,  9,       209
    7192,  9,       170
    7302,  9,       173
    7314,  9,       164
    8132,  2,        19
    9302,  2,        73
   10936,  2,        73
   13259,  2,        53
   13459,  2,        56
   13880,  2,        38
   19739,  2,        13
   20107,  2,         9
   21124,  2,        15
   21327,  2,        56
   21344,  2,       100
     242,  2,       412
     281,  2,       439
     303,  9,       426
     312,  9,       486
     467,  2,       385
    2240,  2,       163
    2308,  2,       164
    2318,  2,       160
    3241,  9,       216
    3375,  9,       219
    3688,  9,       246
    4019,  9,       397
    4021,  2,       386
    5679,  2,        15
    6860,  9,       212
    6929,  9,       206
    7012,  9,       191
    7184,  9,       161
    7297,  9,       181
    7300,  9,       154
    7303,  9,       157
    7590,  9,       184
    8133,  2,        20
   12432,  2,        55
   12435,  2,        57
   12899,  2,        59
   13102,  2,        58
   13255,  2,        55
   13263,  2,        55
   13455,  2,        56
   13876,  2,        38
   14543,  2,        38
   14545,  2,        41
   16196,  2,        10
   16468,  2,        15
   16615,  2,        11
   19905,  2,         7
     496,  9,       425
     595,  9,       449
     606,  2,       377
     614,  2,       405
     662,  2,       356
     666,  2,       362
    1177,  2,       380
    1221,  9,       403
    1224,  2,       374
    1256,  2,       359
    1280,  2,       364
    1971,  9,       257
    2239,  2,       166
    2795,  9,       425
    4055,  9,       388
    6197,  2,       179
    6237,  2,       158
    6264,  2,       167
    6347,  9,       232
    6542,  2,       169
    6706,  2,       170
    6732,  9,       405
    6857,  2,       139
    7145,  9,       174
    7148,  9,       219
    7183,  9,       188
    7187,  9,       207
    7305,  9,       162
    7322,  9,       162
    7323,  9,       161
    7453,  9,       157
    7455,  9,       155
    7492,  9,       149
    7596,  9,       179
    9295,  2,        71
    9420,  9,       183
   10940,  2,        72
   13124,  2,        46
   13127,  2,        42
   13251,  2,        55
   13494,  2,        37
   13498,  2,        39
   13502,  2,        39
   13523,  2,        33
   13894,  2,        34
   13895,  2,        35
   13896,  2,        34
   13899,  2,        39
   13900,  2,        36
   13902,  2,        34
   13903,  2,        35
   14534,  2,        43
   14566,  2,        38
   14570,  2,        36
   14575,  2,        34
   16262,  2,        11
   16456,  2,        12
   16472,  2,        15
   16614,  2,        13
   16620,  2,        15
   19906,  2,         4
   20111,  2,        13
   21275,  2,       116
